// ChatSideStoryId,UnlockSideQuestId,ReleaseConditionCharaId,ReleaseConditionType,ReleaseConditionValue1,ReleaseConditionValue2,DisplayName,FirstRewardVp
1010001,0,1,1,1,0,"キリト　【信頼】1",50
1010002,0,1,1,10,0,"キリト　【信頼】2",50
1010003,0,1,1,50,0,"キリト　【信頼】3",50
1010004,10001,1,1,100,0,"キリト　【信頼】4",100
1010005,0,1,2,1,0,"キリト　【日常】1",50
1010006,0,1,2,2,0,"キリト　【日常】2",50
1010007,0,1,2,3,0,"キリト　【日常】3",50
1010008,0,1,2,4,0,"キリト　【日常】4",50
1010009,0,1,2,5,0,"キリト　【日常】5",100
1010010,0,1,3,1,101000010,"≪黒き妖精≫キリト<br>【ヒーローログ】1",50
1010011,0,1,3,5,101000010,"≪黒き妖精≫キリト<br>【ヒーローログ】2",100
1010012,0,1,3,1,101000020,"≪新生の黒き剣士≫キリト<br>【ヒーローログ】1",50
1010013,0,1,3,5,101000020,"≪新生の黒き剣士≫キリト<br>【ヒーローログ】2",100
1010014,0,1,3,1,101000030,"≪空舞う双牙≫キリト<br>【ヒーローログ】1",50
1010015,0,1,3,5,101000030,"≪空舞う双牙≫キリト<br>【ヒーローログ】2",100
1010016,0,1,3,1,101000040,"≪神技の黒影≫キリト<br>【ヒーローログ】1",50
1010017,0,1,3,5,101000040,"≪神技の黒影≫キリト<br>【ヒーローログ】2",100
1010018,0,1,3,1,101000050,"≪銃世界の黒き剣士≫キリト<br>【ヒーローログ】1",50
1010019,0,1,3,5,101000050,"≪銃世界の黒き剣士≫キリト<br>【ヒーローログ】2",100
1010020,0,1,3,1,101000060,"≪漆黒の旋風≫キリト<br>【ヒーローログ】1",50
1010021,0,1,3,5,101000060,"≪漆黒の旋風≫キリト<br>【ヒーローログ】2",100
1010022,0,1,3,1,101000070,"≪神速の刃≫キリト<br>【ヒーローログ】1",50
1010023,0,1,3,5,101000070,"≪神速の刃≫キリト<br>【ヒーローログ】2",100
1010024,0,1,3,1,101000080,"≪黒の剣士≫キリト<br>【ヒーローログ】1",50
1010025,0,1,3,5,101000080,"≪黒の剣士≫キリト<br>【ヒーローログ】2",100
1010026,0,1,3,1,101000090,"≪光剣一閃≫キリト<br>【ヒーローログ】1",50
1010027,0,1,3,5,101000090,"≪光剣一閃≫キリト<br>【ヒーローログ】2",100
1010028,0,1,3,1,101000100,"≪二剣瞬撃≫キリト<br>【ヒーローログ】1",50
1010029,0,1,3,5,101000100,"≪二剣瞬撃≫キリト<br>【ヒーローログ】2",100
1010030,0,1,3,1,101000110,"≪団結と鼓舞≫キリト<br>【ヒーローログ】1",50
1010031,0,1,3,5,101000110,"≪団結と鼓舞≫キリト<br>【ヒーローログ】2",100
1010032,0,1,4,1,101000120,"≪心頼の誓い≫キリト<br>【ヒーローログ】1",50
1010033,0,1,3,1,101000120,"≪心頼の誓い≫キリト<br>【ヒーローログ】2",50
1010034,0,1,3,5,101000120,"≪心頼の誓い≫キリト<br>【ヒーローログ】3",100
1010035,0,1,4,1,101000130,"≪神域の双剣使い≫キリト<br>【ヒーローログ】1",50
1010036,0,1,3,1,101000130,"≪神域の双剣使い≫キリト<br>【ヒーローログ】2",50
1010037,0,1,3,5,101000130,"≪神域の双剣使い≫キリト<br>【ヒーローログ】3",100
1010038,0,1,3,1,101000140,"≪静穏の笑み≫キリト<br>【ヒーローログ】1",50
1010039,0,1,3,5,101000140,"≪静穏の笑み≫キリト<br>【ヒーローログ】2",100
1020001,0,2,1,1,0,"アスナ　【信頼】1",50
1020002,0,2,1,10,0,"アスナ　【信頼】2",50
1020003,0,2,1,50,0,"アスナ　【信頼】3",50
1020004,10002,2,1,100,0,"アスナ　【信頼】4",100
1020005,0,2,2,1,0,"アスナ　【日常】1",50
1020006,0,2,2,2,0,"アスナ　【日常】2",50
1020007,0,2,2,3,0,"アスナ　【日常】3",50
1020008,0,2,2,4,0,"アスナ　【日常】4",50
1020009,0,2,2,5,0,"アスナ　【日常】5",100
1020010,0,2,3,1,102000010,"≪煌輝の光影≫アスナ<br>【ヒーローログ】1",50
1020011,0,2,3,5,102000010,"≪煌輝の光影≫アスナ<br>【ヒーローログ】2",100
1020012,0,2,3,1,102000020,"≪ひだまりの笑顔≫アスナ<br>【ヒーローログ】1",50
1020013,0,2,3,5,102000020,"≪ひだまりの笑顔≫アスナ<br>【ヒーローログ】2",100
1020014,0,2,3,1,102000030,"≪流水の如き剣≫アスナ<br>【ヒーローログ】1",50
1020015,0,2,3,5,102000030,"≪流水の如き剣≫アスナ<br>【ヒーローログ】2",100
1020016,0,2,3,1,102000040,"≪煌きの蒼き妖精≫アスナ<br>【ヒーローログ】1",50
1020017,0,2,3,5,102000040,"≪煌きの蒼き妖精≫アスナ<br>【ヒーローログ】2",100
1020018,0,2,3,1,102000050,"≪水閃の煌星≫アスナ<br>【ヒーローログ】1",50
1020019,0,2,3,5,102000050,"≪水閃の煌星≫アスナ<br>【ヒーローログ】2",100
1020020,0,2,3,1,102000060,"≪流光の剣戟≫アスナ<br>【ヒーローログ】1",50
1020021,0,2,3,5,102000060,"≪流光の剣戟≫アスナ<br>【ヒーローログ】2",100
1020022,0,2,3,1,102000070,"≪烈煌の剣閃≫アスナ<br>【ヒーローログ】1",50
1020023,0,2,3,5,102000070,"≪烈煌の剣閃≫アスナ<br>【ヒーローログ】2",100
1020024,0,2,3,1,102000080,"≪一条の閃光≫アスナ<br>【ヒーローログ】1",50
1020025,0,2,3,5,102000080,"≪一条の閃光≫アスナ<br>【ヒーローログ】2",100
1020026,0,2,3,1,102000090,"≪慈愛の閃き≫アスナ<br>【ヒーローログ】1",50
1020027,0,2,3,5,102000090,"≪慈愛の閃き≫アスナ<br>【ヒーローログ】2",100
1020028,0,2,3,1,102000100,"≪麗しき笑み≫アスナ<br>【ヒーローログ】1",50
1020029,0,2,3,5,102000100,"≪麗しき笑み≫アスナ<br>【ヒーローログ】2",100
1020030,0,2,3,1,102000110,"≪まどろみの隣人≫アスナ<br>【ヒーローログ】1",50
1020031,0,2,3,5,102000110,"≪まどろみの隣人≫アスナ<br>【ヒーローログ】2",100
1020032,0,2,4,1,102000120,"≪流麗なる剣士≫アスナ<br>【ヒーローログ】1",50
1020033,0,2,3,1,102000120,"≪流麗なる剣士≫アスナ<br>【ヒーローログ】2",50
1020034,0,2,3,5,102000120,"≪流麗なる剣士≫アスナ<br>【ヒーローログ】3",100
1020035,0,2,4,1,102000130,"≪閃耀の刺突≫アスナ<br>【ヒーローログ】1",50
1020036,0,2,3,1,102000130,"≪閃耀の刺突≫アスナ<br>【ヒーローログ】2",50
1020037,0,2,3,5,102000130,"≪閃耀の刺突≫アスナ<br>【ヒーローログ】3",100
1020038,0,2,3,1,102000140,"≪情愛のまなざし≫アスナ<br>【ヒーローログ】1",50
1020039,0,2,3,5,102000140,"≪情愛のまなざし≫アスナ<br>【ヒーローログ】2",100
1030001,0,3,1,1,0,"リーファ　【信頼】1",50
1030002,0,3,1,10,0,"リーファ　【信頼】2",50
1030003,0,3,1,50,0,"リーファ　【信頼】3",50
1030004,10003,3,1,100,0,"リーファ　【信頼】4",100
1030005,0,3,2,1,0,"リーファ　【日常】1",50
1030006,0,3,2,2,0,"リーファ　【日常】2",50
1030007,0,3,2,3,0,"リーファ　【日常】3",50
1030008,0,3,2,4,0,"リーファ　【日常】4",50
1030009,0,3,2,5,0,"リーファ　【日常】5",100
1030010,0,3,3,1,103000010,"≪翡翠の剣士≫リーファ<br>【ヒーローログ】1",50
1030011,0,3,3,5,103000010,"≪翡翠の剣士≫リーファ<br>【ヒーローログ】2",100
1030012,0,3,3,1,103000020,"≪翠緑の剣影≫リーファ<br>【ヒーローログ】1",50
1030013,0,3,3,5,103000020,"≪翠緑の剣影≫リーファ<br>【ヒーローログ】2",100
1030014,0,3,3,1,103000030,"≪疾風の妖精≫リーファ<br>【ヒーローログ】1",50
1030015,0,3,3,5,103000030,"≪疾風の妖精≫リーファ<br>【ヒーローログ】2",100
1030016,0,3,3,1,103000040,"≪颯の刃≫リーファ<br>【ヒーローログ】1",50
1030017,0,3,3,5,103000040,"≪颯の刃≫リーファ<br>【ヒーローログ】2",100
1030018,0,3,3,1,103000050,"≪春花の風剣≫リーファ<br>【ヒーローログ】1",50
1030019,0,3,3,5,103000050,"≪春花の風剣≫リーファ<br>【ヒーローログ】2",100
1030020,0,3,3,1,103000060,"≪迅速の嵐舞≫リーファ<br>【ヒーローログ】1",50
1030021,0,3,3,5,103000060,"≪迅速の嵐舞≫リーファ<br>【ヒーローログ】2",100
1030022,0,3,3,1,103000070,"≪旋閃の疾刃≫リーファ<br>【ヒーローログ】1",50
1030023,0,3,3,5,103000070,"≪旋閃の疾刃≫リーファ<br>【ヒーローログ】2",100
1030024,0,3,3,1,103000080,"≪薫風の瞳≫リーファ<br>【ヒーローログ】1",50
1030025,0,3,3,5,103000080,"≪薫風の瞳≫リーファ<br>【ヒーローログ】2",100
1030026,0,3,3,1,103000090,"≪親密な微笑≫リーファ<br>【ヒーローログ】1",50
1030027,0,3,3,5,103000090,"≪親密な微笑≫リーファ<br>【ヒーローログ】2",100
1030028,0,3,3,1,103000100,"≪清爽なる風≫リーファ<br>【ヒーローログ】1",50
1030029,0,3,3,5,103000100,"≪清爽なる風≫リーファ<br>【ヒーローログ】2",100
1030030,0,3,4,1,103000110,"≪爽風の笑み≫リーファ<br>【ヒーローログ】1",50
1030031,0,3,3,1,103000110,"≪爽風の笑み≫リーファ<br>【ヒーローログ】2",50
1030032,0,3,3,5,103000110,"≪爽風の笑み≫リーファ<br>【ヒーローログ】3",100
1030033,0,3,4,1,103000120,"≪疾駆する剣閃≫リーファ<br>【ヒーローログ】1",50
1030034,0,3,3,1,103000120,"≪疾駆する剣閃≫リーファ<br>【ヒーローログ】2",50
1030035,0,3,3,5,103000120,"≪疾駆する剣閃≫リーファ<br>【ヒーローログ】3",100
1030036,0,3,3,1,103000130,"≪親愛の絆≫リーファ<br>【ヒーローログ】1",50
1030037,0,3,3,5,103000130,"≪親愛の絆≫リーファ<br>【ヒーローログ】2",100
1040001,0,4,1,1,0,"シノン　【信頼】1",50
1040002,0,4,1,10,0,"シノン　【信頼】2",50
1040003,0,4,1,50,0,"シノン　【信頼】3",50
1040004,10004,4,1,100,0,"シノン　【信頼】4",100
1040005,0,4,2,1,0,"シノン　【日常】1",50
1040006,0,4,2,2,0,"シノン　【日常】2",50
1040007,0,4,2,3,0,"シノン　【日常】3",50
1040008,0,4,2,4,0,"シノン　【日常】4",50
1040009,0,4,2,5,0,"シノン　【日常】5",100
1040010,0,4,3,1,104000010,"≪必撃の妖精≫シノン<br>【ヒーローログ】1",50
1040011,0,4,3,5,104000010,"≪必撃の妖精≫シノン<br>【ヒーローログ】2",100
1040012,0,4,3,1,104000020,"≪信頼の微笑≫シノン<br>【ヒーローログ】1",50
1040013,0,4,3,5,104000020,"≪信頼の微笑≫シノン<br>【ヒーローログ】2",100
1040014,0,4,3,1,104000030,"≪飛躍の弓撃≫シノン<br>【ヒーローログ】1",50
1040015,0,4,3,5,104000030,"≪飛躍の弓撃≫シノン<br>【ヒーローログ】2",100
1040016,0,4,3,1,104000040,"≪氷麗の華弓≫シノン<br>【ヒーローログ】1",50
1040017,0,4,3,5,104000040,"≪氷麗の華弓≫シノン<br>【ヒーローログ】2",100
1040018,0,4,3,1,104000050,"≪呼応する絆≫シノン<br>【ヒーローログ】1",50
1040019,0,4,3,5,104000050,"≪呼応する絆≫シノン<br>【ヒーローログ】2",100
1040020,0,4,3,1,104000060,"≪必中の撃弓≫シノン<br>【ヒーローログ】1",50
1040021,0,4,3,5,104000060,"≪必中の撃弓≫シノン<br>【ヒーローログ】2",100
1040022,0,4,3,1,104000070,"≪凜閃の華弓≫シノン<br>【ヒーローログ】1",50
1040023,0,4,3,5,104000070,"≪凜閃の華弓≫シノン<br>【ヒーローログ】2",100
1040024,0,4,3,1,104000080,"≪対敵を射貫く者≫シノン<br>【ヒーローログ】1",50
1040025,0,4,3,5,104000080,"≪対敵を射貫く者≫シノン<br>【ヒーローログ】2",100
1040026,0,4,3,1,104000090,"≪凍志のまなざし≫シノン<br>【ヒーローログ】1",50
1040027,0,4,3,5,104000090,"≪凍志のまなざし≫シノン<br>【ヒーローログ】2",100
1040028,0,4,3,1,104000100,"≪必滅の一矢≫シノン<br>【ヒーローログ】1",50
1040029,0,4,3,5,104000100,"≪必滅の一矢≫シノン<br>【ヒーローログ】2",100
1040030,0,4,3,1,104000110,"≪戦士の安息≫シノン<br>【ヒーローログ】1",50
1040031,0,4,3,5,104000110,"≪戦士の安息≫シノン<br>【ヒーローログ】2",100
1040032,0,4,4,1,104000120,"≪怜悧なる狙撃手≫シノン<br>【ヒーローログ】1",50
1040033,0,4,3,1,104000120,"≪怜悧なる狙撃手≫シノン<br>【ヒーローログ】2",50
1040034,0,4,3,5,104000120,"≪怜悧なる狙撃手≫シノン<br>【ヒーローログ】3",100
1040035,0,4,3,1,104000130,"≪傍らの休息≫シノン<br>【ヒーローログ】1",50
1040036,0,4,3,5,104000130,"≪傍らの休息≫シノン<br>【ヒーローログ】2",100
1050001,0,5,1,1,0,"リズベット　【信頼】1",50
1050002,0,5,1,10,0,"リズベット　【信頼】2",50
1050003,0,5,1,50,0,"リズベット　【信頼】3",50
1050004,10005,5,1,100,0,"リズベット　【信頼】4",100
1050005,0,5,2,1,0,"リズベット　【日常】1",50
1050006,0,5,2,2,0,"リズベット　【日常】2",50
1050007,0,5,2,3,0,"リズベット　【日常】3",50
1050008,0,5,2,4,0,"リズベット　【日常】4",50
1050009,0,5,2,5,0,"リズベット　【日常】5",100
1050010,0,5,3,1,105000010,"≪技巧の鍛鎚≫リズベット<br>【ヒーローログ】1",50
1050011,0,5,3,5,105000010,"≪技巧の鍛鎚≫リズベット<br>【ヒーローログ】2",100
1050012,0,5,3,1,105000020,"≪喜色満面≫リズベット<br>【ヒーローログ】1",50
1050013,0,5,3,5,105000020,"≪喜色満面≫リズベット<br>【ヒーローログ】2",100
1050014,0,5,3,1,105000030,"≪鍛花の砕鎚≫リズベット<br>【ヒーローログ】1",50
1050015,0,5,3,5,105000030,"≪鍛花の砕鎚≫リズベット<br>【ヒーローログ】2",100
1050016,0,5,3,1,105000040,"≪飛翼の技工士≫リズベット<br>【ヒーローログ】1",50
1050017,0,5,3,5,105000040,"≪飛翼の技工士≫リズベット<br>【ヒーローログ】2",100
1050018,0,5,3,1,105000050,"≪熱情の覇気≫リズベット<br>【ヒーローログ】1",50
1050019,0,5,3,5,105000050,"≪熱情の覇気≫リズベット<br>【ヒーローログ】2",100
1050020,0,5,3,1,105000060,"≪闘輝の錬鎚≫リズベット<br>【ヒーローログ】1",50
1050021,0,5,3,5,105000060,"≪闘輝の錬鎚≫リズベット<br>【ヒーローログ】2",100
1050022,0,5,3,1,105000070,"≪華麗な奉仕≫リズベット<br>【ヒーローログ】1",50
1050023,0,5,3,5,105000070,"≪華麗な奉仕≫リズベット<br>【ヒーローログ】2",100
1050024,0,5,3,1,105000080,"≪征野の刀工≫リズベット<br>【ヒーローログ】1",50
1050025,0,5,3,5,105000080,"≪征野の刀工≫リズベット<br>【ヒーローログ】2",100
1050026,0,5,3,1,105000090,"≪生彩の鍛冶師≫リズベット<br>【ヒーローログ】1",50
1050027,0,5,3,5,105000090,"≪生彩の鍛冶師≫リズベット<br>【ヒーローログ】2",100
1050028,0,5,3,1,105000100,"≪鎚戟の闘志≫リズベット<br>【ヒーローログ】1",50
1050029,0,5,3,5,105000100,"≪鎚戟の闘志≫リズベット<br>【ヒーローログ】2",100
1050030,0,5,3,1,105000110,"≪穏やかな休日≫リズベット<br>【ヒーローログ】1",50
1050031,0,5,3,5,105000110,"≪穏やかな休日≫リズベット<br>【ヒーローログ】2",100
1050032,0,5,4,1,105000120,"≪反撃の烽火≫リズベット<br>【ヒーローログ】1",50
1050033,0,5,3,1,105000120,"≪反撃の烽火≫リズベット<br>【ヒーローログ】2",50
1050034,0,5,3,5,105000120,"≪反撃の烽火≫リズベット<br>【ヒーローログ】3",100
1050035,0,5,3,1,105000130,"≪絆つなぐ笑顔≫リズベット<br>【ヒーローログ】1",50
1050036,0,5,3,5,105000130,"≪絆つなぐ笑顔≫リズベット<br>【ヒーローログ】2",100
1060001,0,6,1,1,0,"シリカ　【信頼】1",50
1060002,0,6,1,10,0,"シリカ　【信頼】2",50
1060003,0,6,1,50,0,"シリカ　【信頼】3",50
1060004,10006,6,1,100,0,"シリカ　【信頼】4",100
1060005,0,6,2,1,0,"シリカ　【日常】1",50
1060006,0,6,2,2,0,"シリカ　【日常】2",50
1060007,0,6,2,3,0,"シリカ　【日常】3",50
1060008,0,6,2,4,0,"シリカ　【日常】4",50
1060009,0,6,2,5,0,"シリカ　【日常】5",100
1060010,0,6,3,1,106000010,"≪決意の刃≫シリカ<br>【ヒーローログ】1",50
1060011,0,6,3,5,106000010,"≪決意の刃≫シリカ<br>【ヒーローログ】2",100
1060012,0,6,3,1,106000020,"≪愛慕の竜星≫シリカ<br>【ヒーローログ】1",50
1060013,0,6,3,5,106000020,"≪愛慕の竜星≫シリカ<br>【ヒーローログ】2",100
1060014,0,6,3,1,106000030,"≪竜伴の妖精≫シリカ<br>【ヒーローログ】1",50
1060015,0,6,3,5,106000030,"≪竜伴の妖精≫シリカ<br>【ヒーローログ】2",100
1060016,0,6,3,1,106000040,"≪竜翔の戦姫≫シリカ<br>【ヒーローログ】1",50
1060017,0,6,3,5,106000040,"≪竜翔の戦姫≫シリカ<br>【ヒーローログ】2",100
1060018,0,6,3,1,106000050,"≪解放の笑顔≫シリカ<br>【ヒーローログ】1",50
1060019,0,6,3,5,106000050,"≪解放の笑顔≫シリカ<br>【ヒーローログ】2",100
1060020,0,6,3,1,106000060,"≪竜花の剣爪≫シリカ<br>【ヒーローログ】1",50
1060021,0,6,3,5,106000060,"≪竜花の剣爪≫シリカ<br>【ヒーローログ】2",100
1060022,0,6,3,1,106000070,"≪竜影の閃爪≫シリカ<br>【ヒーローログ】1",50
1060023,0,6,3,5,106000070,"≪竜影の閃爪≫シリカ<br>【ヒーローログ】2",100
1060024,0,6,3,1,106000080,"≪可憐なる竜使い≫シリカ<br>【ヒーローログ】1",50
1060025,0,6,3,5,106000080,"≪可憐なる竜使い≫シリカ<br>【ヒーローログ】2",100
1060026,0,6,3,1,106000090,"≪慈愛の竜姫≫シリカ<br>【ヒーローログ】1",50
1060027,0,6,3,5,106000090,"≪慈愛の竜姫≫シリカ<br>【ヒーローログ】2",100
1060028,0,6,3,1,106000100,"≪戯れの笑顔≫シリカ<br>【ヒーローログ】1",50
1060029,0,6,3,5,106000100,"≪戯れの笑顔≫シリカ<br>【ヒーローログ】2",100
1060030,0,6,3,1,106000110,"≪歓談と休息≫シリカ<br>【ヒーローログ】1",50
1060031,0,6,3,5,106000110,"≪歓談と休息≫シリカ<br>【ヒーローログ】2",100
1060032,0,6,4,1,106000120,"≪爪刃連撃≫シリカ<br>【ヒーローログ】1",50
1060033,0,6,3,1,106000120,"≪爪刃連撃≫シリカ<br>【ヒーローログ】2",50
1060034,0,6,3,5,106000120,"≪爪刃連撃≫シリカ<br>【ヒーローログ】3",100
1060035,0,6,3,1,106000130,"≪友愛と安寧≫シリカ<br>【ヒーローログ】1",50
1060036,0,6,3,5,106000130,"≪友愛と安寧≫シリカ<br>【ヒーローログ】2",100
1070001,0,7,1,1,0,"クライン　【信頼】1",50
1070002,0,7,1,10,0,"クライン　【信頼】2",50
1070003,0,7,1,50,0,"クライン　【信頼】3",50
1070004,10007,7,1,100,0,"クライン　【信頼】4",100
1070005,0,7,2,1,0,"クライン　【日常】1",50
1070006,0,7,2,2,0,"クライン　【日常】2",50
1070007,0,7,2,3,0,"クライン　【日常】3",50
1070008,0,7,2,4,0,"クライン　【日常】4",50
1070009,0,7,2,5,0,"クライン　【日常】5",100
1070010,0,7,3,1,107000010,"≪義侠の徒≫クライン<br>【ヒーローログ】1",50
1070011,0,7,3,5,107000010,"≪義侠の徒≫クライン<br>【ヒーローログ】2",100
1070012,0,7,3,1,107000020,"≪信義の剣豪≫クライン<br>【ヒーローログ】1",50
1070013,0,7,3,5,107000020,"≪信義の剣豪≫クライン<br>【ヒーローログ】2",100
1070014,0,7,3,1,107000030,"≪新天地を馳せる者≫クライン<br>【ヒーローログ】1",50
1070015,0,7,3,5,107000030,"≪新天地を馳せる者≫クライン<br>【ヒーローログ】2",100
1070016,0,7,3,1,107000040,"≪義心の武将≫クライン<br>【ヒーローログ】1",50
1070017,0,7,3,5,107000040,"≪義心の武将≫クライン<br>【ヒーローログ】2",100
1070018,0,7,3,1,107000050,"≪義勇の武士≫クライン<br>【ヒーローログ】1",50
1070019,0,7,3,5,107000050,"≪義勇の武士≫クライン<br>【ヒーローログ】2",100
1070020,0,7,3,1,107000060,"≪断撃の斬光≫クライン<br>【ヒーローログ】1",50
1070021,0,7,3,5,107000060,"≪断撃の斬光≫クライン<br>【ヒーローログ】2",100
1070022,0,7,3,1,107000070,"≪炎燃ゆる侍妖精≫クライン<br>【ヒーローログ】1",50
1070023,0,7,3,5,107000070,"≪炎燃ゆる侍妖精≫クライン<br>【ヒーローログ】2",100
1070024,0,7,3,1,107000080,"≪真朱の武人≫クライン<br>【ヒーローログ】1",50
1070025,0,7,3,5,107000080,"≪真朱の武人≫クライン<br>【ヒーローログ】2",100
1070026,0,7,3,1,107000090,"≪歴戦の義将≫クライン<br>【ヒーローログ】1",50
1070027,0,7,3,5,107000090,"≪歴戦の義将≫クライン<br>【ヒーローログ】2",100
1070028,0,7,3,1,107000100,"≪剣豪推参≫クライン<br>【ヒーローログ】1",50
1070029,0,7,3,5,107000100,"≪剣豪推参≫クライン<br>【ヒーローログ】2",100
1070030,0,7,4,1,107000110,"≪制空の構え≫クライン<br>【ヒーローログ】1",50
1070031,0,7,3,1,107000110,"≪制空の構え≫クライン<br>【ヒーローログ】2",50
1070032,0,7,3,5,107000110,"≪制空の構え≫クライン<br>【ヒーローログ】3",100
1070033,0,7,3,1,107000120,"≪破顔の戦友≫クライン<br>【ヒーローログ】1",50
1070034,0,7,3,5,107000120,"≪破顔の戦友≫クライン<br>【ヒーローログ】2",100
1080001,0,8,1,1,0,"エギル　【信頼】1",50
1080002,0,8,1,10,0,"エギル　【信頼】2",50
1080003,0,8,1,50,0,"エギル　【信頼】3",50
1080004,10008,8,1,100,0,"エギル　【信頼】4",100
1080005,0,8,2,1,0,"エギル　【日常】1",50
1080006,0,8,2,2,0,"エギル　【日常】2",50
1080007,0,8,2,3,0,"エギル　【日常】3",50
1080008,0,8,2,4,0,"エギル　【日常】4",50
1080009,0,8,2,5,0,"エギル　【日常】5",100
1080010,0,8,3,1,108000010,"≪豪斧の戦士≫エギル<br>【ヒーローログ】1",50
1080011,0,8,3,5,108000010,"≪豪斧の戦士≫エギル<br>【ヒーローログ】2",100
1080012,0,8,3,1,108000020,"≪不動の観察眼≫エギル<br>【ヒーローログ】1",50
1080013,0,8,3,5,108000020,"≪不動の観察眼≫エギル<br>【ヒーローログ】2",100
1080014,0,8,3,1,108000030,"≪撃滅の断斧≫エギル<br>【ヒーローログ】1",50
1080015,0,8,3,5,108000030,"≪撃滅の断斧≫エギル<br>【ヒーローログ】2",100
1080016,0,8,3,1,108000040,"≪仇裂く戦斧≫エギル<br>【ヒーローログ】1",50
1080017,0,8,3,5,108000040,"≪仇裂く戦斧≫エギル<br>【ヒーローログ】2",100
1080018,0,8,3,1,108000050,"≪鎧袖一触≫エギル<br>【ヒーローログ】1",50
1080019,0,8,3,5,108000050,"≪鎧袖一触≫エギル<br>【ヒーローログ】2",100
1080020,0,8,3,1,108000060,"≪轟閃の砕斧≫エギル<br>【ヒーローログ】1",50
1080021,0,8,3,5,108000060,"≪轟閃の砕斧≫エギル<br>【ヒーローログ】2",100
1080022,0,8,3,1,108000070,"≪闘斧の豪商≫エギル<br>【ヒーローログ】1",50
1080023,0,8,3,5,108000070,"≪闘斧の豪商≫エギル<br>【ヒーローログ】2",100
1080024,0,8,3,1,108000080,"≪剛腕の威風≫エギル<br>【ヒーローログ】1",50
1080025,0,8,3,5,108000080,"≪剛腕の威風≫エギル<br>【ヒーローログ】2",100
1080026,0,8,3,1,108000090,"≪破砕の潰鎚≫エギル<br>【ヒーローログ】1",50
1080027,0,8,3,5,108000090,"≪破砕の潰鎚≫エギル<br>【ヒーローログ】2",100
1080028,0,8,3,1,108000100,"≪泰然の風柄≫エギル<br>【ヒーローログ】1",50
1080029,0,8,3,5,108000100,"≪泰然の風柄≫エギル<br>【ヒーローログ】2",100
1080030,0,8,4,1,108000110,"≪不動覇山≫エギル<br>【ヒーローログ】1",50
1080031,0,8,3,1,108000110,"≪不動覇山≫エギル<br>【ヒーローログ】2",50
1080032,0,8,3,5,108000110,"≪不動覇山≫エギル<br>【ヒーローログ】3",100
1080033,0,8,3,1,108000120,"≪寛ぎのもてなし≫エギル<br>【ヒーローログ】1",50
1080034,0,8,3,5,108000120,"≪寛ぎのもてなし≫エギル<br>【ヒーローログ】2",100
1090001,0,9,1,1,0,"ユウキ　【信頼】1",50
1090002,0,9,1,10,0,"ユウキ　【信頼】2",50
1090003,0,9,1,50,0,"ユウキ　【信頼】3",50
1090004,10009,9,1,100,0,"ユウキ　【信頼】4",100
1090005,0,9,2,1,0,"ユウキ　【日常】1",50
1090006,0,9,2,2,0,"ユウキ　【日常】2",50
1090007,0,9,2,3,0,"ユウキ　【日常】3",50
1090008,0,9,2,4,0,"ユウキ　【日常】4",50
1090009,0,9,2,5,0,"ユウキ　【日常】5",100
1090010,0,9,3,1,109000010,"≪剣聖の風格≫ユウキ<br>【ヒーローログ】1",50
1090011,0,9,3,5,109000010,"≪剣聖の風格≫ユウキ<br>【ヒーローログ】2",100
1090012,0,9,3,1,109000020,"≪真純の紫星≫ユウキ<br>【ヒーローログ】1",50
1090013,0,9,3,5,109000020,"≪真純の紫星≫ユウキ<br>【ヒーローログ】2",100
1090014,0,9,3,1,109000030,"≪天雷の迅撃≫ユウキ<br>【ヒーローログ】1",50
1090015,0,9,3,5,109000030,"≪天雷の迅撃≫ユウキ<br>【ヒーローログ】2",100
1090016,0,9,3,1,109000040,"≪神速の剣技≫ユウキ<br>【ヒーローログ】1",50
1090017,0,9,3,5,109000040,"≪神速の剣技≫ユウキ<br>【ヒーローログ】2",100
1090018,0,9,3,1,109000050,"≪純真な閃風≫ユウキ<br>【ヒーローログ】1",50
1090019,0,9,3,5,109000050,"≪純真な閃風≫ユウキ<br>【ヒーローログ】2",100
1090020,0,9,3,1,109000060,"≪意思貫く剣先≫ユウキ<br>【ヒーローログ】1",50
1090021,0,9,3,5,109000060,"≪意思貫く剣先≫ユウキ<br>【ヒーローログ】2",100
1090022,0,9,3,1,109000070,"≪空裂く黒刃≫ユウキ<br>【ヒーローログ】1",50
1090023,0,9,3,5,109000070,"≪空裂く黒刃≫ユウキ<br>【ヒーローログ】2",100
1090024,0,9,3,1,109000080,"≪絶剣≫ユウキ<br>【ヒーローログ】1",50
1090025,0,9,3,5,109000080,"≪絶剣≫ユウキ<br>【ヒーローログ】2",100
1090026,0,9,3,1,109000090,"≪黄昏舞う黒翼≫ユウキ<br>【ヒーローログ】1",50
1090027,0,9,3,5,109000090,"≪黄昏舞う黒翼≫ユウキ<br>【ヒーローログ】2",100
1090028,0,9,3,1,109000100,"≪寸刻の微笑≫ユウキ<br>【ヒーローログ】1",50
1090029,0,9,3,5,109000100,"≪寸刻の微笑≫ユウキ<br>【ヒーローログ】2",100
1090030,0,9,4,1,109000110,"≪神速の黒き閃光≫ユウキ<br>【ヒーローログ】1",50
1090031,0,9,3,1,109000110,"≪神速の黒き閃光≫ユウキ<br>【ヒーローログ】2",50
1090032,0,9,3,5,109000110,"≪神速の黒き閃光≫ユウキ<br>【ヒーローログ】3",100
1090033,0,9,3,1,109000120,"≪知友の笑み≫ユウキ<br>【ヒーローログ】1",50
1090034,0,9,3,5,109000120,"≪知友の笑み≫ユウキ<br>【ヒーローログ】2",100
1090035,0,9,3,1,109000130,"≪蒼穹を駆ける英傑≫ユウキ<br>【ヒーローログ】1",50
1090036,0,9,3,5,109000130,"≪蒼穹を駆ける英傑≫ユウキ<br>【ヒーローログ】2",100
1100001,0,10,1,1,0,"アルゴ　【信頼】1",50
1100002,0,10,1,10,0,"アルゴ　【信頼】2",50
1100003,0,10,1,50,0,"アルゴ　【信頼】3",50
1100004,10010,10,1,100,0,"アルゴ　【信頼】4",100
1100005,0,10,2,1,0,"アルゴ　【日常】1",50
1100006,0,10,2,2,0,"アルゴ　【日常】2",50
1100007,0,10,2,3,0,"アルゴ　【日常】3",50
1100008,0,10,2,4,0,"アルゴ　【日常】4",50
1100009,0,10,2,5,0,"アルゴ　【日常】5",100
1100010,0,10,3,1,110000010,"≪智慧賜う鼠≫アルゴ<br>【ヒーローログ】1",50
1100011,0,10,3,5,110000010,"≪智慧賜う鼠≫アルゴ<br>【ヒーローログ】2",100
1100012,0,10,3,1,110000020,"≪情報屋の矜持≫アルゴ<br>【ヒーローログ】1",50
1100013,0,10,3,5,110000020,"≪情報屋の矜持≫アルゴ<br>【ヒーローログ】2",100
1100014,0,10,3,1,110000030,"≪空駆ける猫≫アルゴ<br>【ヒーローログ】1",50
1100015,0,10,3,5,110000030,"≪空駆ける猫≫アルゴ<br>【ヒーローログ】2",100
1100016,0,10,3,1,110000040,"≪疾風の戦爪≫アルゴ<br>【ヒーローログ】1",50
1100017,0,10,3,5,110000040,"≪疾風の戦爪≫アルゴ<br>【ヒーローログ】2",100
1100018,0,10,3,1,110000050,"≪迅疾の快足≫アルゴ<br>【ヒーローログ】1",50
1100019,0,10,3,5,110000050,"≪迅疾の快足≫アルゴ<br>【ヒーローログ】2",100
1100020,0,10,3,1,110000060,"≪看破する瞳≫アルゴ<br>【ヒーローログ】1",50
1100021,0,10,3,5,110000060,"≪看破する瞳≫アルゴ<br>【ヒーローログ】2",100
1100022,0,10,3,1,110000070,"≪地馳せる素破≫アルゴ<br>【ヒーローログ】1",50
1100023,0,10,3,5,110000070,"≪地馳せる素破≫アルゴ<br>【ヒーローログ】2",100
1100024,0,10,3,1,110000080,"≪香染の諜報者≫アルゴ<br>【ヒーローログ】1",50
1100025,0,10,3,5,110000080,"≪香染の諜報者≫アルゴ<br>【ヒーローログ】2",100
1100026,0,10,3,1,110000090,"≪お茶目な情報屋≫アルゴ<br>【ヒーローログ】1",50
1100027,0,10,3,5,110000090,"≪お茶目な情報屋≫アルゴ<br>【ヒーローログ】2",100
1100028,0,10,3,1,110000100,"≪刻を望む双眸≫アルゴ<br>【ヒーローログ】1",50
1100029,0,10,3,5,110000100,"≪刻を望む双眸≫アルゴ<br>【ヒーローログ】2",100
1100030,0,10,4,1,110000110,"≪陽光香る笑み≫アルゴ<br>【ヒーローログ】1",50
1100031,0,10,3,1,110000110,"≪陽光香る笑み≫アルゴ<br>【ヒーローログ】2",50
1100032,0,10,3,5,110000110,"≪陽光香る笑み≫アルゴ<br>【ヒーローログ】3",100
1100033,0,10,3,1,110000120,"≪束の間の素顔≫アルゴ<br>【ヒーローログ】1",50
1100034,0,10,3,5,110000120,"≪束の間の素顔≫アルゴ<br>【ヒーローログ】2",100
1100035,0,10,3,1,110000130,"≪万天に通ずる鼠≫アルゴ<br>【ヒーローログ】1",50
1100036,0,10,3,5,110000130,"≪万天に通ずる鼠≫アルゴ<br>【ヒーローログ】2",100
1060037,0,6,3,1,106000140,"≪風光る笑み≫シリカ<br>【ヒーローログ】1",50
1060038,0,6,3,5,106000140,"≪風光る笑み≫シリカ<br>【ヒーローログ】2",100
1100037,0,10,3,1,110000140,"≪凌刃の双鉤≫アルゴ<br>【ヒーローログ】1",50
1100038,0,10,3,5,110000140,"≪凌刃の双鉤≫アルゴ<br>【ヒーローログ】2",100
1040037,0,4,3,1,104000150,"≪一矢心髄の青き瞳≫シノン<br>【ヒーローログ】1",50
1040038,0,4,3,5,104000150,"≪一矢心髄の青き瞳≫シノン<br>【ヒーローログ】2",100
1020040,0,2,4,1,102000160,"≪勇猛なる治癒士≫アスナ<br>【ヒーローログ】1",50
1020041,0,2,3,1,102000160,"≪勇猛なる治癒士≫アスナ<br>【ヒーローログ】2",50
1020042,0,2,3,5,102000160,"≪勇猛なる治癒士≫アスナ<br>【ヒーローログ】3",100
1090037,0,9,4,1,109000140,"≪絆抱く跳躍≫ユウキ<br>【ヒーローログ】1",50
1090038,0,9,3,1,109000140,"≪絆抱く跳躍≫ユウキ<br>【ヒーローログ】2",50
1090039,0,9,3,5,109000140,"≪絆抱く跳躍≫ユウキ<br>【ヒーローログ】3",100
1010040,0,1,3,1,101000150,"≪冒険への誘い≫キリト<br>【ヒーローログ】1",50
1010041,0,1,3,5,101000150,"≪冒険への誘い≫キリト<br>【ヒーローログ】2",100
1020043,0,2,3,1,102000150,"≪共に歩む光≫アスナ<br>【ヒーローログ】1",50
1020044,0,2,3,5,102000150,"≪共に歩む光≫アスナ<br>【ヒーローログ】2",100
1030038,0,3,3,1,103000140,"≪胸躍る旅立ち≫リーファ<br>【ヒーローログ】1",50
1030039,0,3,3,5,103000140,"≪胸躍る旅立ち≫リーファ<br>【ヒーローログ】2",100
1040039,0,4,3,1,104000140,"≪未来望む笑み≫シノン<br>【ヒーローログ】1",50
1040040,0,4,3,5,104000140,"≪未来望む笑み≫シノン<br>【ヒーローログ】2",100
1020045,0,2,4,1,102000170,"≪真夏の眩耀≫アスナ<br>【ヒーローログ】1",50
1020046,0,2,3,1,102000170,"≪真夏の眩耀≫アスナ<br>【ヒーローログ】2",50
1020047,0,2,3,5,102000170,"≪真夏の眩耀≫アスナ<br>【ヒーローログ】3",100
1030040,0,3,4,1,103000150,"≪魅惑の夏日≫リーファ<br>【ヒーローログ】1",50
1030041,0,3,3,1,103000150,"≪魅惑の夏日≫リーファ<br>【ヒーローログ】2",50
1030042,0,3,3,5,103000150,"≪魅惑の夏日≫リーファ<br>【ヒーローログ】3",100
1040041,0,4,4,1,104000160,"≪砂浜の女神≫シノン<br>【ヒーローログ】1",50
1040042,0,4,3,1,104000160,"≪砂浜の女神≫シノン<br>【ヒーローログ】2",50
1040043,0,4,3,5,104000160,"≪砂浜の女神≫シノン<br>【ヒーローログ】3",100
1010042,0,1,4,1,101000160,"≪らぶりー・さーびす≫キリト<br>【ヒーローログ】1",50
1010043,0,1,3,1,101000160,"≪らぶりー・さーびす≫キリト<br>【ヒーローログ】2",50
1010044,0,1,3,5,101000160,"≪らぶりー・さーびす≫キリト<br>【ヒーローログ】3",100
1020048,0,2,4,1,102000180,"≪信頼の寛ぎ≫アスナ<br>【ヒーローログ】1",50
1020049,0,2,3,1,102000180,"≪信頼の寛ぎ≫アスナ<br>【ヒーローログ】2",50
1020050,0,2,3,5,102000180,"≪信頼の寛ぎ≫アスナ<br>【ヒーローログ】3",100
1010045,0,1,4,1,101000170,"≪SAOゲーム攻略会議2019≫キリト<br>【ヒーローログ】1",50
1010046,0,1,3,1,101000170,"≪SAOゲーム攻略会議2019≫キリト<br>【ヒーローログ】2",50
1010047,0,1,3,5,101000170,"≪SAOゲーム攻略会議2019≫キリト<br>【ヒーローログ】3",100
1010048,0,1,4,1,101000180,"≪かの世界を生きた者≫キリト<br>【ヒーローログ】1",50
1010049,0,1,3,1,101000180,"≪かの世界を生きた者≫キリト<br>【ヒーローログ】2",50
1010050,0,1,3,5,101000180,"≪かの世界を生きた者≫キリト<br>【ヒーローログ】3",100
1060039,0,6,4,1,106000150,"≪愛しの竜使い≫シリカ<br>【ヒーローログ】1",50
1060040,0,6,3,1,106000150,"≪愛しの竜使い≫シリカ<br>【ヒーローログ】2",50
1060041,0,6,3,5,106000150,"≪愛しの竜使い≫シリカ<br>【ヒーローログ】3",100
1040044,0,4,3,1,104000170,"≪闘輝の氷弾≫シノン<br>ヒーローログ1",50
1040045,0,4,3,5,104000170,"≪闘輝の氷弾≫シノン<br>ヒーローログ2",100
1040046,0,4,3,1,104000180,"≪戦慧の狙撃手≫シノン<br>ヒーローログ1",50
1040047,0,4,3,5,104000180,"≪戦慧の狙撃手≫シノン<br>ヒーローログ2",100
1040048,0,4,4,1,104000190,"≪静謐なる覚悟≫シノン<br>ヒーローログ1",50
1040049,0,4,3,1,104000190,"≪静謐なる覚悟≫シノン<br>ヒーローログ2",50
1040050,0,4,3,5,104000190,"≪静謐なる覚悟≫シノン<br>ヒーローログ3",100
1030043,0,3,4,1,103000160,"≪一陣の疾風≫リーファ<br>ヒーローログ1",50
1030044,0,3,3,1,103000160,"≪一陣の疾風≫リーファ<br>ヒーローログ2",50
1030045,0,3,3,5,103000160,"≪一陣の疾風≫リーファ<br>ヒーローログ3",100
1050037,0,5,4,1,105000140,"≪昵懇の語らい≫リズベット<br>ヒーローログ1",50
1050038,0,5,3,1,105000140,"≪昵懇の語らい≫リズベット<br>ヒーローログ2",50
1050039,0,5,3,5,105000140,"≪昵懇の語らい≫リズベット<br>ヒーローログ3",100
1020051,0,2,4,1,102000190,"≪生彩放つ飛躍≫アスナ<br>ヒーローログ1",50
1020052,0,2,3,1,102000190,"≪生彩放つ飛躍≫アスナ<br>ヒーローログ2",50
1020053,0,2,3,5,102000190,"≪生彩放つ飛躍≫アスナ<br>ヒーローログ3",100
1090040,0,9,4,1,109000150,"≪純真な想望≫ユウキ<br>ヒーローログ1",50
1090041,0,9,3,1,109000150,"≪純真な想望≫ユウキ<br>ヒーローログ2",50
1090042,0,9,3,5,109000150,"≪純真な想望≫ユウキ<br>ヒーローログ3",100
1010051,0,1,4,1,101000190,"≪想い馳せる窓辺≫キリト<br>ヒーローログ1",50
1010052,0,1,3,1,101000190,"≪想い馳せる窓辺≫キリト<br>ヒーローログ2",50
1010053,0,1,3,5,101000190,"≪想い馳せる窓辺≫キリト<br>ヒーローログ3",100
1100039,0,10,4,1,110000150,"≪悪戯なオネーサン≫アルゴ<br>ヒーローログ1",50
1100040,0,10,3,1,110000150,"≪悪戯なオネーサン≫アルゴ<br>ヒーローログ2",50
1100041,0,10,3,5,110000150,"≪悪戯なオネーサン≫アルゴ<br>ヒーローログ3",100
1110001,0,11,1,1,0,"アリス　【信頼】1",50
1110002,0,11,1,10,0,"アリス　【信頼】2",50
1110003,0,11,1,50,0,"アリス　【信頼】3",50
1110004,10011,11,1,100,0,"アリス　【信頼】4",100
1110005,0,11,2,1,0,"アリス　【日常】1",50
1110006,0,11,2,2,0,"アリス　【日常】2",50
1110007,0,11,2,3,0,"アリス　【日常】3",50
1110008,0,11,2,4,0,"アリス　【日常】4",50
1110009,0,11,2,5,0,"アリス　【日常】5",100
1120001,0,12,1,1,0,"ユージオ　【信頼】1",50
1120002,0,12,1,10,0,"ユージオ　【信頼】2",50
1120003,0,12,1,50,0,"ユージオ　【信頼】3",50
1120004,10012,12,1,100,0,"ユージオ　【信頼】4",100
1120005,0,12,2,1,0,"ユージオ　【日常】1",50
1120006,0,12,2,2,0,"ユージオ　【日常】2",50
1120007,0,12,2,3,0,"ユージオ　【日常】3",50
1120008,0,12,2,4,0,"ユージオ　【日常】4",50
1120009,0,12,2,5,0,"ユージオ　【日常】5",100
1110010,0,11,3,1,111000010,"≪堅牢な意志≫アリス<br>ヒーローログ1",50
1110011,0,11,3,5,111000010,"≪堅牢な意志≫アリス<br>ヒーローログ2",100
1110012,0,11,3,1,111000020,"≪煌金の整合騎士≫アリス<br>ヒーローログ1",50
1110013,0,11,3,5,111000020,"≪煌金の整合騎士≫アリス<br>ヒーローログ2",100
1110014,0,11,3,1,111000030,"≪人界の守り手≫アリス<br>ヒーローログ1",50
1110015,0,11,3,5,111000030,"≪人界の守り手≫アリス<br>ヒーローログ2",100
1110016,0,11,3,1,111000040,"≪黄金の英剣≫アリス<br>ヒーローログ1",50
1110017,0,11,3,5,111000040,"≪黄金の英剣≫アリス<br>ヒーローログ2",100
1110018,0,11,3,1,111000050,"≪気高き騎士≫アリス<br>ヒーローログ1",50
1110019,0,11,3,5,111000050,"≪気高き騎士≫アリス<br>ヒーローログ2",100
1110020,0,11,4,1,111000060,"≪金木犀香る少女≫アリス<br>ヒーローログ1",50
1110021,0,11,3,1,111000060,"≪金木犀香る少女≫アリス<br>ヒーローログ2",50
1110022,0,11,3,5,111000060,"≪金木犀香る少女≫アリス<br>ヒーローログ3",100
1110023,0,11,3,1,111000070,"≪心安らぐひと時≫アリス<br>ヒーローログ1",50
1110024,0,11,3,5,111000070,"≪心安らぐひと時≫アリス<br>ヒーローログ2",100
1110025,0,11,4,1,111000080,"≪心通う邂逅≫アリス<br>ヒーローログ1",50
1110026,0,11,3,1,111000080,"≪心通う邂逅≫アリス<br>ヒーローログ2",50
1110027,0,11,3,5,111000080,"≪心通う邂逅≫アリス<br>ヒーローログ3",100
1120010,0,12,3,1,112000010,"≪希求の若芽≫ユージオ<br>ヒーローログ1",50
1120011,0,12,3,5,112000010,"≪希求の若芽≫ユージオ<br>ヒーローログ2",100
1120012,0,12,3,1,112000020,"≪氷銀の整合騎士≫ユージオ<br>ヒーローログ1",50
1120013,0,12,3,5,112000020,"≪氷銀の整合騎士≫ユージオ<br>ヒーローログ2",100
1120014,0,12,3,1,112000030,"≪精勤す修剣士≫ユージオ<br>ヒーローログ1",50
1120015,0,12,3,5,112000030,"≪精勤す修剣士≫ユージオ<br>ヒーローログ2",100
1120016,0,12,3,1,112000040,"≪青銀の英剣≫ユージオ<br>ヒーローログ1",50
1120017,0,12,3,5,112000040,"≪青銀の英剣≫ユージオ<br>ヒーローログ2",100
1120018,0,12,3,1,112000050,"≪安息日の朗笑≫ユージオ<br>ヒーローログ1",50
1120019,0,12,3,5,112000050,"≪安息日の朗笑≫ユージオ<br>ヒーローログ2",100
1120020,0,12,4,1,112000060,"≪飢愛の繰人形≫ユージオ<br>ヒーローログ1",50
1120021,0,12,3,1,112000060,"≪飢愛の繰人形≫ユージオ<br>ヒーローログ2",50
1120022,0,12,3,5,112000060,"≪飢愛の繰人形≫ユージオ<br>ヒーローログ3",100
1120023,0,12,3,1,112000070,"≪安らぎの素顔≫ユージオ<br>ヒーローログ1",50
1120024,0,12,3,5,112000070,"≪安らぎの素顔≫ユージオ<br>ヒーローログ2",100
1120025,0,12,4,1,112000080,"≪かの剣技の継承者≫ユージオ<br>ヒーローログ1",50
1120026,0,12,3,1,112000080,"≪かの剣技の継承者≫ユージオ<br>ヒーローログ2",50
1120027,0,12,3,5,112000080,"≪かの剣技の継承者≫ユージオ<br>ヒーローログ3",100
1010054,0,1,4,1,101000200,"≪修剣の異端児≫キリト<br>ヒーローログ1",50
1010055,0,1,3,1,101000200,"≪修剣の異端児≫キリト<br>ヒーローログ2",50
1010056,0,1,3,5,101000200,"≪修剣の異端児≫キリト<br>ヒーローログ3",100
1090043,0,9,4,1,109000160,"≪紅葉の祝福≫ユウキ<br>ヒーローログ1",50
1090044,0,9,3,1,109000160,"≪紅葉の祝福≫ユウキ<br>ヒーローログ2",50
1090045,0,9,3,5,109000160,"≪紅葉の祝福≫ユウキ<br>ヒーローログ3",100
1020054,0,2,3,1,102000200,"≪慈愛の光彩≫アスナ<br>ヒーローログ1",50
1020055,0,2,3,5,102000200,"≪慈愛の光彩≫アスナ<br>ヒーローログ2",100
1050040,0,5,3,1,105000150,"≪快活なお誘い≫リズベット<br>ヒーローログ1",50
1050041,0,5,3,5,105000150,"≪快活なお誘い≫リズベット<br>ヒーローログ2",100
1060042,0,6,3,1,106000160,"≪至福のひと時≫シリカ<br>ヒーローログ1",50
1060043,0,6,3,5,106000160,"≪至福のひと時≫シリカ<br>ヒーローログ2",100
1030046,0,3,4,1,103000170,"≪恥じらい乙女≫リーファ<br>ヒーローログ1",50
1030047,0,3,3,1,103000170,"≪恥じらい乙女≫リーファ<br>ヒーローログ2",50
1030048,0,3,3,5,103000170,"≪恥じらい乙女≫リーファ<br>ヒーローログ3",100
1030049,0,3,4,1,103000180,"≪月夜にかける想い≫リーファ<br>ヒーローログ1",50
1030050,0,3,3,1,103000180,"≪月夜にかける想い≫リーファ<br>ヒーローログ2",50
1030051,0,3,3,5,103000180,"≪月夜にかける想い≫リーファ<br>ヒーローログ3",100
1050042,0,5,4,1,105000160,"≪信頼の口付け≫リズベット<br>ヒーローログ1",50
1050043,0,5,3,1,105000160,"≪信頼の口付け≫リズベット<br>ヒーローログ2",50
1050044,0,5,3,5,105000160,"≪信頼の口付け≫リズベット<br>ヒーローログ3",100
1110028,0,11,4,1,111000090,"≪光明もたらす者≫アリス<br>ヒーローログ1",50
1110029,0,11,3,1,111000090,"≪光明もたらす者≫アリス<br>ヒーローログ2",50
1110030,0,11,3,5,111000090,"≪光明もたらす者≫アリス<br>ヒーローログ3",100
1040051,0,4,4,1,104000200,"≪湯浴みの紅潮≫シノン<br>ヒーローログ1",50
1040052,0,4,3,1,104000200,"≪湯浴みの紅潮≫シノン<br>ヒーローログ2",50
1040053,0,4,3,5,104000200,"≪湯浴みの紅潮≫シノン<br>ヒーローログ3",100
1060044,0,6,4,1,106000170,"≪秘湯の恥じらい≫シリカ<br>ヒーローログ1",50
1060045,0,6,3,1,106000170,"≪秘湯の恥じらい≫シリカ<br>ヒーローログ2",50
1060046,0,6,3,5,106000170,"≪秘湯の恥じらい≫シリカ<br>ヒーローログ3",100
1110031,0,11,4,1,111000100,"≪火照る温浴≫アリス<br>ヒーローログ1",50
1110032,0,11,3,1,111000100,"≪火照る温浴≫アリス<br>ヒーローログ2",50
1110033,0,11,3,5,111000100,"≪火照る温浴≫アリス<br>ヒーローログ3",100
1020056,0,2,4,1,102000210,"≪愛の誓い≫アスナ<br>ヒーローログ1",50
1020057,0,2,3,1,102000210,"≪愛の誓い≫アスナ<br>ヒーローログ2",50
1020058,0,2,3,5,102000210,"≪愛の誓い≫アスナ<br>ヒーローログ3",100
1090046,0,9,4,1,109000170,"≪揺蕩う夢幻≫ユウキ<br>ヒーローログ1",50
1090047,0,9,3,1,109000170,"≪揺蕩う夢幻≫ユウキ<br>ヒーローログ2",50
1090048,0,9,3,5,109000170,"≪揺蕩う夢幻≫ユウキ<br>ヒーローログ3",100
1080035,0,8,4,1,108000130,"≪雄大豪壮≫エギル<br>ヒーローログ1",50
1080036,0,8,3,1,108000130,"≪雄大豪壮≫エギル<br>ヒーローログ2",50
1080037,0,8,3,5,108000130,"≪雄大豪壮≫エギル<br>ヒーローログ3",100
1040054,0,4,4,1,104000210,"≪いじっぱりスナイプ≫シノン<br>ヒーローログ1",50
1040055,0,4,3,1,104000210,"≪いじっぱりスナイプ≫シノン<br>ヒーローログ2",50
1040056,0,4,3,5,104000210,"≪いじっぱりスナイプ≫シノン<br>ヒーローログ3",100
1010057,0,1,4,1,101000210,"≪超越する意志力≫キリト<br>ヒーローログ1",50
1010058,0,1,3,1,101000210,"≪超越する意志力≫キリト<br>ヒーローログ2",50
1010059,0,1,3,5,101000210,"≪超越する意志力≫キリト<br>ヒーローログ3",100
1020059,0,2,4,1,102000220,"≪奇跡績む想愛≫アスナ<br>ヒーローログ1",50
1020060,0,2,3,1,102000220,"≪奇跡績む想愛≫アスナ<br>ヒーローログ2",50
1020061,0,2,3,5,102000220,"≪奇跡績む想愛≫アスナ<br>ヒーローログ3",100
1070035,0,7,4,1,107000130,"≪緊褌の抜刀≫クライン<br>ヒーローログ1",50
1070036,0,7,3,1,107000130,"≪緊褌の抜刀≫クライン<br>ヒーローログ2",50
1070037,0,7,3,5,107000130,"≪緊褌の抜刀≫クライン<br>ヒーローログ3",100
1010060,0,1,4,1,101000220,"≪不屈の誓い≫キリト<br>ヒーローログ1",50
1010061,0,1,3,1,101000220,"≪不屈の誓い≫キリト<br>ヒーローログ2",50
1010062,0,1,3,5,101000220,"≪不屈の誓い≫キリト<br>ヒーローログ3",100
1020062,0,2,4,1,102000230,"≪明日への誓い≫アスナ<br>ヒーローログ1",50
1020063,0,2,3,1,102000230,"≪明日への誓い≫アスナ<br>ヒーローログ2",50
1020064,0,2,3,5,102000230,"≪明日への誓い≫アスナ<br>ヒーローログ3",100
1060047,0,6,4,1,106000180,"≪宙吊りプラント≫シリカ<br>ヒーローログ1",50
1060048,0,6,3,1,106000180,"≪宙吊りプラント≫シリカ<br>ヒーローログ2",50
1060049,0,6,3,5,106000180,"≪宙吊りプラント≫シリカ<br>ヒーローログ3",100
1090049,0,9,4,1,109000180,"≪鋭敏なる剣技≫ユウキ<br>ヒーローログ1",50
1090050,0,9,3,1,109000180,"≪鋭敏なる剣技≫ユウキ<br>ヒーローログ2",50
1090051,0,9,3,5,109000180,"≪鋭敏なる剣技≫ユウキ<br>ヒーローログ3",100
1010063,0,1,4,1,101000230,"≪空舞う双剣≫キリト<br>ヒーローログ1",50
1010064,0,1,3,1,101000230,"≪空舞う双剣≫キリト<br>ヒーローログ2",50
1010065,0,1,3,5,101000230,"≪空舞う双剣≫キリト<br>ヒーローログ3",100
1020065,0,2,4,1,102000240,"≪ハッピークリスマス≫アスナ<br>ヒーローログ1",50
1020066,0,2,3,1,102000240,"≪ハッピークリスマス≫アスナ<br>ヒーローログ2",50
1020067,0,2,3,5,102000240,"≪ハッピークリスマス≫アスナ<br>ヒーローログ3",100
1050045,0,5,4,1,105000170,"≪ホーリーデコレイト≫リズベット<br>ヒーローログ1",50
1050046,0,5,3,1,105000170,"≪ホーリーデコレイト≫リズベット<br>ヒーローログ2",50
1050047,0,5,3,5,105000170,"≪ホーリーデコレイト≫リズベット<br>ヒーローログ3",100
1090052,0,9,4,1,109000190,"≪ギフト・トゥギャザー！≫ユウキ<br>ヒーローログ1",50
1090053,0,9,3,1,109000190,"≪ギフト・トゥギャザー！≫ユウキ<br>ヒーローログ2",50
1090054,0,9,3,5,109000190,"≪ギフト・トゥギャザー！≫ユウキ<br>ヒーローログ3",100
1050048,0,5,3,1,105000180,"≪温かな心≫リズベット<br>ヒーローログ1",50
1050049,0,5,3,5,105000180,"≪温かな心≫リズベット<br>ヒーローログ2",100
1030052,0,3,3,1,103000190,"≪戯れの海辺≫リーファ<br>ヒーローログ1",50
1030053,0,3,3,5,103000190,"≪戯れの海辺≫リーファ<br>ヒーローログ2",100
1090055,0,9,3,1,109000200,"≪想い出の甘味≫ユウキ<br>ヒーローログ1",50
1090056,0,9,3,5,109000200,"≪想い出の甘味≫ユウキ<br>ヒーローログ2",100
1120028,0,12,4,1,112000090,"≪奇想の相棒≫ユージオ<br>ヒーローログ1",50
1120029,0,12,3,1,112000090,"≪奇想の相棒≫ユージオ<br>ヒーローログ2",50
1120030,0,12,3,5,112000090,"≪奇想の相棒≫ユージオ<br>ヒーローログ3",100
1040057,0,4,4,1,104000220,"≪華綻ぶはにかみ≫シノン<br>ヒーローログ1",50
1040058,0,4,3,1,104000220,"≪華綻ぶはにかみ≫シノン<br>ヒーローログ2",50
1040059,0,4,3,5,104000220,"≪華綻ぶはにかみ≫シノン<br>ヒーローログ3",100
1030054,0,3,4,1,103000200,"≪親愛なる漆黒≫リーファ<br>ヒーローログ1",50
1030055,0,3,3,1,103000200,"≪親愛なる漆黒≫リーファ<br>ヒーローログ2",50
1030056,0,3,3,5,103000200,"≪親愛なる漆黒≫リーファ<br>ヒーローログ3",100
1110034,0,11,4,1,111000110,"≪黒衣の聖騎士≫アリス<br>ヒーローログ1",50
1110035,0,11,3,1,111000110,"≪黒衣の聖騎士≫アリス<br>ヒーローログ2",50
1110036,0,11,3,5,111000110,"≪黒衣の聖騎士≫アリス<br>ヒーローログ3",100
1040060,0,4,4,1,104000230,"≪疾風迅雷≫シノン<br>ヒーローログ1",50
1040061,0,4,3,1,104000230,"≪疾風迅雷≫シノン<br>ヒーローログ2",50
1040062,0,4,3,5,104000230,"≪疾風迅雷≫シノン<br>ヒーローログ3",100
1100042,0,10,4,1,110000160,"≪休息の爪先≫アルゴ<br>ヒーローログ1",50
1100043,0,10,3,1,110000160,"≪休息の爪先≫アルゴ<br>ヒーローログ2",50
1100044,0,10,3,5,110000160,"≪休息の爪先≫アルゴ<br>ヒーローログ3",100
1120031,0,12,4,1,112000100,"≪背氷の気迫≫ユージオ<br>ヒーローログ1",50
1120032,0,12,3,1,112000100,"≪背氷の気迫≫ユージオ<br>ヒーローログ2",50
1120033,0,12,3,5,112000100,"≪背氷の気迫≫ユージオ<br>ヒーローログ3",100
1110037,0,11,4,1,111000120,"≪熟達の志士≫アリス<br>ヒーローログ1",50
1110038,0,11,3,1,111000120,"≪熟達の志士≫アリス<br>ヒーローログ2",50
1110039,0,11,3,5,111000120,"≪熟達の志士≫アリス<br>ヒーローログ3",100
1110040,0,11,4,1,111000130,"≪シカクシメンな彼女≫アリス<br>ヒーローログ1",50
1110041,0,11,3,1,111000130,"≪シカクシメンな彼女≫アリス<br>ヒーローログ2",50
1110042,0,11,3,5,111000130,"≪シカクシメンな彼女≫アリス<br>ヒーローログ3",100
1050050,0,5,4,1,105000190,"≪ハツコイ同盟≫リズベット<br>ヒーローログ1",50
1050051,0,5,3,1,105000190,"≪ハツコイ同盟≫リズベット<br>ヒーローログ2",50
1050052,0,5,3,5,105000190,"≪ハツコイ同盟≫リズベット<br>ヒーローログ3",100
1060050,0,6,4,1,106000190,"≪トキメキ同盟≫シリカ<br>ヒーローログ1",50
1060051,0,6,3,1,106000190,"≪トキメキ同盟≫シリカ<br>ヒーローログ2",50
1060052,0,6,3,5,106000190,"≪トキメキ同盟≫シリカ<br>ヒーローログ3",100
1010066,0,1,4,1,101000240,"≪気儘な黒猫≫キリト<br>ヒーローログ1",50
1010067,0,1,3,1,101000240,"≪気儘な黒猫≫キリト<br>ヒーローログ2",50
1010068,0,1,3,5,101000240,"≪気儘な黒猫≫キリト<br>ヒーローログ3",100
1020068,0,2,4,1,102000250,"≪ねころび愛猫≫アスナ<br>ヒーローログ1",50
1020069,0,2,3,1,102000250,"≪ねころび愛猫≫アスナ<br>ヒーローログ2",50
1020070,0,2,3,5,102000250,"≪ねころび愛猫≫アスナ<br>ヒーローログ3",100
1030057,0,3,4,1,103000210,"≪奔放な萌猫≫リーファ<br>ヒーローログ1",50
1030058,0,3,3,1,103000210,"≪奔放な萌猫≫リーファ<br>ヒーローログ2",50
1030059,0,3,3,5,103000210,"≪奔放な萌猫≫リーファ<br>ヒーローログ3",100
1090057,0,9,4,1,109000210,"≪またたび仔猫≫ユウキ<br>ヒーローログ1",50
1090058,0,9,3,1,109000210,"≪またたび仔猫≫ユウキ<br>ヒーローログ2",50
1090059,0,9,3,5,109000210,"≪またたび仔猫≫ユウキ<br>ヒーローログ3",100
1040063,0,4,3,1,104000240,"≪慧眼の弓猫≫シノン<br>ヒーローログ1",50
1040064,0,4,3,5,104000240,"≪慧眼の弓猫≫シノン<br>ヒーローログ2",100
1050053,0,5,3,1,105000200,"≪友情の桃猫≫リズベット<br>ヒーローログ1",50
1050054,0,5,3,5,105000200,"≪友情の桃猫≫リズベット<br>ヒーローログ2",100
1060053,0,6,3,1,106000200,"≪可憐な幼猫≫シリカ<br>ヒーローログ1",50
1060054,0,6,3,5,106000200,"≪可憐な幼猫≫シリカ<br>ヒーローログ2",100
1080038,0,8,3,1,108000140,"≪猫耳の豪商≫エギル<br>ヒーローログ1",50
1080039,0,8,3,5,108000140,"≪猫耳の豪商≫エギル<br>ヒーローログ2",100
1090060,0,9,4,1,109000220,"≪まごころショコラティエ≫ユウキ<br>ヒーローログ1",50
1090061,0,9,3,1,109000220,"≪まごころショコラティエ≫ユウキ<br>ヒーローログ2",50
1090062,0,9,3,5,109000220,"≪まごころショコラティエ≫ユウキ<br>ヒーローログ3",100
1010069,0,1,3,1,101000250,"≪愛受のはにかみ≫キリト<br>ヒーローログ1",50
1010070,0,1,3,5,101000250,"≪愛受のはにかみ≫キリト<br>ヒーローログ2",100
1020071,0,2,3,1,102000260,"≪甘い贈り物≫アスナ<br>ヒーローログ1",50
1020072,0,2,3,5,102000260,"≪甘い贈り物≫アスナ<br>ヒーローログ2",100
1030060,0,3,3,1,103000220,"≪恋慕の微笑≫リーファ<br>ヒーローログ1",50
1030061,0,3,3,5,103000220,"≪恋慕の微笑≫リーファ<br>ヒーローログ2",100
1040065,0,4,3,1,104000250,"≪静穏の秘め事≫シノン<br>ヒーローログ1",50
1040066,0,4,3,5,104000250,"≪静穏の秘め事≫シノン<br>ヒーローログ2",100
1050055,0,5,3,1,105000210,"≪親愛の鍛冶屋≫リズベット<br>ヒーローログ1",50
1050056,0,5,3,5,105000210,"≪親愛の鍛冶屋≫リズベット<br>ヒーローログ2",100
1060055,0,6,3,1,106000210,"≪純情な恋路≫シリカ<br>ヒーローログ1",50
1060056,0,6,3,5,106000210,"≪純情な恋路≫シリカ<br>ヒーローログ2",100
1070038,0,7,3,1,107000140,"≪歓喜の照笑≫クライン<br>ヒーローログ1",50
1070039,0,7,3,5,107000140,"≪歓喜の照笑≫クライン<br>ヒーローログ2",100
1080040,0,8,3,1,108000150,"≪義理堅い甘露≫エギル<br>ヒーローログ1",50
1080041,0,8,3,5,108000150,"≪義理堅い甘露≫エギル<br>ヒーローログ2",100
1090063,0,9,3,1,109000230,"≪純粋な愛情≫ユウキ<br>ヒーローログ1",50
1090064,0,9,3,5,109000230,"≪純粋な愛情≫ユウキ<br>ヒーローログ2",100
1100045,0,10,3,1,110000170,"≪秘密の贈り物≫アルゴ<br>ヒーローログ1",50
1100046,0,10,3,5,110000170,"≪秘密の贈り物≫アルゴ<br>ヒーローログ2",100
1110043,0,11,3,1,111000140,"≪裏腹な恋心≫アリス<br>ヒーローログ1",50
1110044,0,11,3,5,111000140,"≪裏腹な恋心≫アリス<br>ヒーローログ2",100
1120034,0,12,3,1,112000110,"≪心届く笑顔≫ユージオ<br>ヒーローログ1",50
1120035,0,12,3,5,112000110,"≪心届く笑顔≫ユージオ<br>ヒーローログ2",100
1040067,0,4,3,1,104000260,"≪冥界の女神≫シノン<br>ヒーローログ1",50
1040068,0,4,3,5,104000260,"≪冥界の女神≫シノン<br>ヒーローログ2",100
1040069,0,4,3,1,104000270,"≪親昵の相棒≫シノン<br>ヒーローログ1",50
1040070,0,4,3,5,104000270,"≪親昵の相棒≫シノン<br>ヒーローログ2",100
1030062,0,3,4,1,103000230,"≪秘めた胸奥≫リーファ<br>ヒーローログ1",50
1030063,0,3,3,1,103000230,"≪秘めた胸奥≫リーファ<br>ヒーローログ2",50
1030064,0,3,3,5,103000230,"≪秘めた胸奥≫リーファ<br>ヒーローログ3",100
1010071,0,1,4,1,101000260,"≪一望千里≫キリト<br>ヒーローログ1",50
1010072,0,1,3,1,101000260,"≪一望千里≫キリト<br>ヒーローログ2",50
1010073,0,1,3,5,101000260,"≪一望千里≫キリト<br>ヒーローログ3",100
1020073,0,2,4,1,102000270,"≪一心同体≫アスナ<br>ヒーローログ1",50
1020074,0,2,3,1,102000270,"≪一心同体≫アスナ<br>ヒーローログ2",50
1020075,0,2,3,5,102000270,"≪一心同体≫アスナ<br>ヒーローログ3",100
1040071,0,4,4,1,104000280,"≪一意専心≫シノン<br>ヒーローログ1",50
1040072,0,4,3,1,104000280,"≪一意専心≫シノン<br>ヒーローログ2",50
1040073,0,4,3,5,104000280,"≪一意専心≫シノン<br>ヒーローログ3",100
1110045,0,11,4,1,111000150,"≪一糸不乱≫アリス<br>ヒーローログ1",50
1110046,0,11,3,1,111000150,"≪一糸不乱≫アリス<br>ヒーローログ2",50
1110047,0,11,3,5,111000150,"≪一糸不乱≫アリス<br>ヒーローログ3",100
1180001,0,18,1,1,0,"レイン　【信頼】1",50
1180002,0,18,1,10,0,"レイン　【信頼】2",50
1180003,0,18,1,50,0,"レイン　【信頼】3",50
1180004,10018,18,1,100,0,"レイン　【信頼】4",100
1180005,0,18,2,1,0,"レイン　【日常】1",50
1180006,0,18,2,2,0,"レイン　【日常】2",50
1180007,0,18,2,3,0,"レイン　【日常】3",50
1180008,0,18,2,4,0,"レイン　【日常】4",50
1180009,0,18,2,5,0,"レイン　【日常】5",100
1180010,0,18,3,1,118000010,"≪天水の剣光≫レイン<br>ヒーローログ1",50
1180011,0,18,3,5,118000010,"≪天水の剣光≫レイン<br>ヒーローログ2",100
1180012,0,18,3,1,118000020,"≪紅奏の斬響≫レイン<br>ヒーローログ1",50
1180013,0,18,3,5,118000020,"≪紅奏の斬響≫レイン<br>ヒーローログ2",100
1180014,0,18,3,1,118000030,"≪新天地の追跡者≫レイン<br>ヒーローログ1",50
1180015,0,18,3,5,118000030,"≪新天地の追跡者≫レイン<br>ヒーローログ2",100
1180016,0,18,3,1,118000040,"≪多刀流の使い手≫レイン<br>ヒーローログ1",50
1180017,0,18,3,5,118000040,"≪多刀流の使い手≫レイン<br>ヒーローログ2",100
1180018,0,18,3,1,118000050,"≪一騎多閃≫レイン<br>ヒーローログ1",50
1180019,0,18,3,5,118000050,"≪一騎多閃≫レイン<br>ヒーローログ2",100
1180020,0,18,3,1,118000060,"≪温かな眼差し≫レイン<br>ヒーローログ1",50
1180021,0,18,3,5,118000060,"≪温かな眼差し≫レイン<br>ヒーローログ2",100
1180022,0,18,4,1,118000070,"≪空島繋ぐ架け橋≫レイン<br>ヒーローログ1",50
1180023,0,18,3,1,118000070,"≪空島繋ぐ架け橋≫レイン<br>ヒーローログ2",50
1180024,0,18,3,5,118000070,"≪空島繋ぐ架け橋≫レイン<br>ヒーローログ3",100
1180025,0,18,3,1,118000080,"≪虹架ける微笑み≫レイン<br>ヒーローログ1",50
1180026,0,18,3,5,118000080,"≪虹架ける微笑み≫レイン<br>ヒーローログ2",100
1180027,0,18,4,1,118000090,"≪かろやかスキップ≫レイン<br>ヒーローログ1",50
1180028,0,18,3,1,118000090,"≪かろやかスキップ≫レイン<br>ヒーローログ2",50
1180029,0,18,3,5,118000090,"≪かろやかスキップ≫レイン<br>ヒーローログ3",100
1050057,0,5,4,1,105000220,"≪はつらつステップ≫リズベット<br>ヒーローログ1",50
1050058,0,5,3,1,105000220,"≪はつらつステップ≫リズベット<br>ヒーローログ2",50
1050059,0,5,3,5,105000220,"≪はつらつステップ≫リズベット<br>ヒーローログ3",100
1020076,0,2,4,1,102000280,"≪異界の女神≫アスナ<br>ヒーローログ1",50
1020077,0,2,3,1,102000280,"≪異界の女神≫アスナ<br>ヒーローログ2",50
1020078,0,2,3,5,102000280,"≪異界の女神≫アスナ<br>ヒーローログ3",100
1110048,0,11,4,1,111000160,"≪固守の決意≫アリス<br>ヒーローログ1",50
1110049,0,11,3,1,111000160,"≪固守の決意≫アリス<br>ヒーローログ2",50
1110050,0,11,3,5,111000160,"≪固守の決意≫アリス<br>ヒーローログ3",100
1030065,0,3,4,1,103000240,"≪風の魔剣士≫リーファ<br>ヒーローログ1",50
1030066,0,3,3,1,103000240,"≪風の魔剣士≫リーファ<br>ヒーローログ2",50
1030067,0,3,3,5,103000240,"≪風の魔剣士≫リーファ<br>ヒーローログ3",100
1060057,0,6,4,1,106000220,"≪獣の竜使い≫シリカ<br>ヒーローログ1",50
1060058,0,6,3,1,106000220,"≪獣の竜使い≫シリカ<br>ヒーローログ2",50
1060059,0,6,3,5,106000220,"≪獣の竜使い≫シリカ<br>ヒーローログ3",100
1070040,0,7,4,1,107000150,"≪武人の少憩≫クライン<br>ヒーローログ1",50
1070041,0,7,3,1,107000150,"≪武人の少憩≫クライン<br>ヒーローログ2",50
1070042,0,7,3,5,107000150,"≪武人の少憩≫クライン<br>ヒーローログ3",100
1080042,0,8,4,1,108000160,"≪金剛なる体躯≫エギル<br>ヒーローログ1",50
1080043,0,8,3,1,108000160,"≪金剛なる体躯≫エギル<br>ヒーローログ2",50
1080044,0,8,3,5,108000160,"≪金剛なる体躯≫エギル<br>ヒーローログ3",100
1030068,0,3,4,1,103000250,"≪兄想う妖精≫リーファ<br>ヒーローログ1",50
1030069,0,3,3,1,103000250,"≪兄想う妖精≫リーファ<br>ヒーローログ2",50
1030070,0,3,3,5,103000250,"≪兄想う妖精≫リーファ<br>ヒーローログ3",100
1040074,0,4,4,1,104000290,"≪向き合う勇気≫シノン<br>ヒーローログ1",50
1040075,0,4,3,1,104000290,"≪向き合う勇気≫シノン<br>ヒーローログ2",50
1040076,0,4,3,5,104000290,"≪向き合う勇気≫シノン<br>ヒーローログ3",100
2000001,0,1,4,1,101000270,"≪クロス・イメージ≫キリト<br>ヒーローログ1",50
2000002,0,1,3,1,101000270,"≪クロス・イメージ≫キリト<br>ヒーローログ2",50
2000003,0,1,3,5,101000270,"≪クロス・イメージ≫キリト<br>ヒーローログ3",100
2000004,0,4,4,1,104000300,"≪戦場に咲く花≫シノン<br>ヒーローログ1",50
2000005,0,4,3,1,104000300,"≪戦場に咲く花≫シノン<br>ヒーローログ2",50
2000006,0,4,3,5,104000300,"≪戦場に咲く花≫シノン<br>ヒーローログ3",100
2000007,0,4,4,1,104000310,"≪予期せぬ接触≫シノン<br>ヒーローログ1",50
2000008,0,4,3,1,104000310,"≪予期せぬ接触≫シノン<br>ヒーローログ2",50
2000009,0,4,3,5,104000310,"≪予期せぬ接触≫シノン<br>ヒーローログ3",100
2000010,0,9,4,1,109000240,"≪君との内緒事≫ユウキ<br>ヒーローログ1",50
2000011,0,9,3,1,109000240,"≪君との内緒事≫ユウキ<br>ヒーローログ2",50
2000012,0,9,3,5,109000240,"≪君との内緒事≫ユウキ<br>ヒーローログ3",100
2000013,0,18,4,1,118000100,"≪赤面プラクティカ≫レイン<br>ヒーローログ1",50
2000014,0,18,3,1,118000100,"≪赤面プラクティカ≫レイン<br>ヒーローログ2",50
2000015,0,18,3,5,118000100,"≪赤面プラクティカ≫レイン<br>ヒーローログ3",100
2000016,0,11,4,1,111000170,"≪物思い耽る午後≫アリス<br>ヒーローログ1",50
2000017,0,11,3,1,111000170,"≪物思い耽る午後≫アリス<br>ヒーローログ2",50
2000018,0,11,3,5,111000170,"≪物思い耽る午後≫アリス<br>ヒーローログ3",100
2000019,0,18,4,1,118000110,"≪想い滲む眼差し≫レイン<br>ヒーローログ1",50
2000020,0,18,3,1,118000110,"≪想い滲む眼差し≫レイン<br>ヒーローログ2",50
2000021,0,18,3,5,118000110,"≪想い滲む眼差し≫レイン<br>ヒーローログ3",100
2000022,0,2,4,1,102000290,"≪導きの女神≫アスナ<br>ヒーローログ1",50
2000023,0,2,3,1,102000290,"≪導きの女神≫アスナ<br>ヒーローログ2",50
2000024,0,2,3,5,102000290,"≪導きの女神≫アスナ<br>ヒーローログ3",100
2000025,0,2,4,1,102000300,"≪創世神ステイシア≫アスナ<br>ヒーローログ1",50
2000026,0,2,3,1,102000300,"≪創世神ステイシア≫アスナ<br>ヒーローログ2",50
2000027,0,2,3,5,102000300,"≪創世神ステイシア≫アスナ<br>ヒーローログ3",100
2000028,0,3,4,1,103000260,"≪地神テラリア≫リーファ<br>ヒーローログ1",50
2000029,0,3,3,1,103000260,"≪地神テラリア≫リーファ<br>ヒーローログ2",50
2000030,0,3,3,5,103000260,"≪地神テラリア≫リーファ<br>ヒーローログ3",100
2000031,0,4,4,1,104000320,"≪太陽神ソルス≫シノン<br>ヒーローログ1",50
2000032,0,4,3,1,104000320,"≪太陽神ソルス≫シノン<br>ヒーローログ2",50
2000033,0,4,3,5,104000320,"≪太陽神ソルス≫シノン<br>ヒーローログ3",100
2000034,0,9,4,1,109000250,"≪英雄纏う剣才≫ユウキ<br>ヒーローログ1",50
2000035,0,9,3,1,109000250,"≪英雄纏う剣才≫ユウキ<br>ヒーローログ2",50
2000036,0,9,3,5,109000250,"≪英雄纏う剣才≫ユウキ<br>ヒーローログ3",100
2000037,0,12,4,1,112000120,"≪忘却の憧憬≫ユージオ<br>ヒーローログ1",50
2000038,0,12,3,1,112000120,"≪忘却の憧憬≫ユージオ<br>ヒーローログ2",50
2000039,0,12,3,5,112000120,"≪忘却の憧憬≫ユージオ<br>ヒーローログ3",100
2000040,0,11,4,1,111000180,"≪劇甚なる金木犀≫アリス<br>ヒーローログ1",50
2000041,0,11,3,1,111000180,"≪劇甚なる金木犀≫アリス<br>ヒーローログ2",50
2000042,0,11,3,5,111000180,"≪劇甚なる金木犀≫アリス<br>ヒーローログ3",100
2000043,0,6,3,1,106000230,"≪蒼撃の竜姫≫シリカ<br>ヒーローログ1",50
2000044,0,6,3,5,106000230,"≪蒼撃の竜姫≫シリカ<br>ヒーローログ2",100
2000045,0,9,3,1,109000260,"≪光速の絶技≫ユウキ<br>ヒーローログ1",50
2000046,0,9,3,5,109000260,"≪光速の絶技≫ユウキ<br>ヒーローログ2",100
2000047,0,10,3,1,110000180,"≪疾鼠の刻爪≫アルゴ<br>ヒーローログ1",50
2000048,0,10,3,5,110000180,"≪疾鼠の刻爪≫アルゴ<br>ヒーローログ2",100
2000049,0,11,4,1,111000190,"≪陽だまりの円舞曲≫アリス<br>ヒーローログ1",50
2000050,0,11,3,1,111000190,"≪陽だまりの円舞曲≫アリス<br>ヒーローログ2",50
2000051,0,11,3,5,111000190,"≪陽だまりの円舞曲≫アリス<br>ヒーローログ3",100
2000052,0,4,4,1,104000330,"≪悪戯な視線≫シノン<br>ヒーローログ1",50
2000053,0,4,3,1,104000330,"≪悪戯な視線≫シノン<br>ヒーローログ2",50
2000054,0,4,3,5,104000330,"≪悪戯な視線≫シノン<br>ヒーローログ3",100
2000055,0,12,4,1,112000130,"≪花舞う昼下がり≫ユージオ<br>ヒーローログ1",50
2000056,0,12,3,1,112000130,"≪花舞う昼下がり≫ユージオ<br>ヒーローログ2",50
2000057,0,12,3,5,112000130,"≪花舞う昼下がり≫ユージオ<br>ヒーローログ3",100
2000058,0,6,4,1,106000240,"≪おやつ・タイム！≫シリカ<br>ヒーローログ1",50
2000059,0,6,3,1,106000240,"≪おやつ・タイム！≫シリカ<br>ヒーローログ2",50
2000060,0,6,3,5,106000240,"≪おやつ・タイム！≫シリカ<br>ヒーローログ3",100
2000061,0,5,4,1,105000230,"≪目映い太陽≫リズベット<br>ヒーローログ1",50
2000062,0,5,3,1,105000230,"≪目映い太陽≫リズベット<br>ヒーローログ2",50
2000063,0,5,3,5,105000230,"≪目映い太陽≫リズベット<br>ヒーローログ3",100
2000064,0,6,4,1,106000250,"≪白砂の少女≫シリカ<br>ヒーローログ1",50
2000065,0,6,3,1,106000250,"≪白砂の少女≫シリカ<br>ヒーローログ2",50
2000066,0,6,3,5,106000250,"≪白砂の少女≫シリカ<br>ヒーローログ3",100
2000067,0,11,4,1,111000200,"≪透き通る青≫アリス<br>ヒーローログ1",50
2000068,0,11,3,1,111000200,"≪透き通る青≫アリス<br>ヒーローログ2",50
2000069,0,11,3,5,111000200,"≪透き通る青≫アリス<br>ヒーローログ3",100
2000070,0,3,4,1,103000270,"≪灼熱！アタックガール≫リーファ<br>ヒーローログ1",50
2000071,0,3,3,1,103000270,"≪灼熱！アタックガール≫リーファ<br>ヒーローログ2",50
2000072,0,3,3,5,103000270,"≪灼熱！アタックガール≫リーファ<br>ヒーローログ3",100
2000073,0,2,4,1,102000310,"≪潮風の悪戯≫アスナ<br>ヒーローログ1",50
2000074,0,2,3,1,102000310,"≪潮風の悪戯≫アスナ<br>ヒーローログ2",50
2000075,0,2,3,5,102000310,"≪潮風の悪戯≫アスナ<br>ヒーローログ3",100
2000076,0,1,4,1,101000280,"≪現実を超えて≫キリト<br>ヒーローログ1",50
2000077,0,1,3,1,101000280,"≪現実を超えて≫キリト<br>ヒーローログ2",50
2000078,0,1,3,5,101000280,"≪現実を超えて≫キリト<br>ヒーローログ3",100
2000079,0,2,4,1,102000320,"≪鮮やかな閃光≫アスナ<br>ヒーローログ1",50
2000080,0,2,3,1,102000320,"≪鮮やかな閃光≫アスナ<br>ヒーローログ2",50
2000081,0,2,3,5,102000320,"≪鮮やかな閃光≫アスナ<br>ヒーローログ3",100
2000082,0,3,4,1,103000280,"≪剣に乗せた想い≫リーファ<br>ヒーローログ1",50
2000083,0,3,3,1,103000280,"≪剣に乗せた想い≫リーファ<br>ヒーローログ2",50
2000084,0,3,3,5,103000280,"≪剣に乗せた想い≫リーファ<br>ヒーローログ3",100
2000085,0,6,4,1,106000260,"≪0と1の狭間で≫シリカ<br>ヒーローログ1",50
2000086,0,6,3,1,106000260,"≪0と1の狭間で≫シリカ<br>ヒーローログ2",50
2000087,0,6,3,5,106000260,"≪0と1の狭間で≫シリカ<br>ヒーローログ3",100
2000088,0,4,4,1,104000340,"≪現を射抜く眼≫シノン<br>ヒーローログ1",50
2000089,0,4,3,1,104000340,"≪現を射抜く眼≫シノン<br>ヒーローログ2",50
2000090,0,4,3,5,104000340,"≪現を射抜く眼≫シノン<br>ヒーローログ3",100
2000091,0,7,4,1,107000160,"≪同志と共に≫クライン<br>ヒーローログ1",50
2000092,0,7,3,1,107000160,"≪同志と共に≫クライン<br>ヒーローログ2",50
2000093,0,7,3,5,107000160,"≪同志と共に≫クライン<br>ヒーローログ3",100
2000094,0,9,4,1,109000270,"≪仮想を駆けて≫ユウキ<br>ヒーローログ1",50
2000095,0,9,3,1,109000270,"≪仮想を駆けて≫ユウキ<br>ヒーローログ2",50
2000096,0,9,3,5,109000270,"≪仮想を駆けて≫ユウキ<br>ヒーローログ3",100
2000097,0,5,4,1,105000240,"≪変わらないもの≫リズベット<br>ヒーローログ1",50
2000098,0,5,3,1,105000240,"≪変わらないもの≫リズベット<br>ヒーローログ2",50
2000099,0,5,3,5,105000240,"≪変わらないもの≫リズベット<br>ヒーローログ3",100
2000100,0,2,4,1,102000330,"≪羽ばたく希望≫アスナ<br>ヒーローログ1",50
2000101,0,2,3,1,102000330,"≪羽ばたく希望≫アスナ<br>ヒーローログ2",50
2000102,0,2,3,5,102000330,"≪羽ばたく希望≫アスナ<br>ヒーローログ3",100
2000103,0,3,4,1,103000290,"≪倒れぬ意志≫リーファ<br>ヒーローログ1",50
2000104,0,3,3,1,103000290,"≪倒れぬ意志≫リーファ<br>ヒーローログ2",50
2000105,0,3,3,5,103000290,"≪倒れぬ意志≫リーファ<br>ヒーローログ3",100
2000106,0,4,4,1,104000350,"≪見据える勝利≫シノン<br>ヒーローログ1",50
2000107,0,4,3,1,104000350,"≪見据える勝利≫シノン<br>ヒーローログ2",50
2000108,0,4,3,5,104000350,"≪見据える勝利≫シノン<br>ヒーローログ3",100
2000109,0,9,4,1,109000280,"≪輝く勇気≫ユウキ<br>ヒーローログ1",50
2000110,0,9,3,1,109000280,"≪輝く勇気≫ユウキ<br>ヒーローログ2",50
2000111,0,9,3,5,109000280,"≪輝く勇気≫ユウキ<br>ヒーローログ3",100
2000112,0,10,4,1,110000190,"≪隠された素顔≫アルゴ<br>ヒーローログ1",50
2000113,0,10,3,1,110000190,"≪隠された素顔≫アルゴ<br>ヒーローログ2",50
2000114,0,10,3,5,110000190,"≪隠された素顔≫アルゴ<br>ヒーローログ3",100
2000115,0,6,4,1,106000270,"≪あどけない笑み≫シリカ<br>ヒーローログ1",50
2000116,0,6,3,1,106000270,"≪あどけない笑み≫シリカ<br>ヒーローログ2",50
2000117,0,6,3,5,106000270,"≪あどけない笑み≫シリカ<br>ヒーローログ3",100
2000118,0,6,4,1,106000280,"≪駆け出す闘志≫シリカ<br>ヒーローログ1",50
2000119,0,6,3,1,106000280,"≪駆け出す闘志≫シリカ<br>ヒーローログ2",50
2000120,0,6,3,5,106000280,"≪駆け出す闘志≫シリカ<br>ヒーローログ3",100
2000121,0,6,4,1,106000290,"≪ちゃーみー・けっとしー≫シリカ<br>ヒーローログ1",50
2000122,0,6,3,1,106000290,"≪ちゃーみー・けっとしー≫シリカ<br>ヒーローログ2",50
2000123,0,6,3,5,106000290,"≪ちゃーみー・けっとしー≫シリカ<br>ヒーローログ3",100
2000124,0,1,4,1,101000290,"≪可憐な銃剣士≫キリト<br>ヒーローログ1",50
2000125,0,1,3,1,101000290,"≪可憐な銃剣士≫キリト<br>ヒーローログ2",50
2000126,0,1,3,5,101000290,"≪可憐な銃剣士≫キリト<br>ヒーローログ3",100
2000127,0,4,4,1,104000360,"≪美麗な狙撃手≫シノン<br>ヒーローログ1",50
2000128,0,4,3,1,104000360,"≪美麗な狙撃手≫シノン<br>ヒーローログ2",50
2000129,0,4,3,5,104000360,"≪美麗な狙撃手≫シノン<br>ヒーローログ3",100
2000130,0,3,4,1,103000300,"≪妖精の戯れ≫リーファ<br>ヒーローログ1",50
2000131,0,3,3,1,103000300,"≪妖精の戯れ≫リーファ<br>ヒーローログ2",50
2000132,0,3,3,5,103000300,"≪妖精の戯れ≫リーファ<br>ヒーローログ3",100
2000133,0,2,4,1,102000340,"≪穏やかな一時≫アスナ<br>ヒーローログ1",50
2000134,0,2,3,1,102000340,"≪穏やかな一時≫アスナ<br>ヒーローログ2",50
2000135,0,2,3,5,102000340,"≪穏やかな一時≫アスナ<br>ヒーローログ3",100
2000136,0,2,3,1,102000350,"≪思い出の味≫アスナ<br>ヒーローログ1",50
2000137,0,2,3,5,102000350,"≪思い出の味≫アスナ<br>ヒーローログ2",100
2000138,0,1,4,1,101000300,"≪共に歩む時≫キリト<br>ヒーローログ1",50
2000139,0,1,3,1,101000300,"≪共に歩む時≫キリト<br>ヒーローログ2",50
2000140,0,1,3,5,101000300,"≪共に歩む時≫キリト<br>ヒーローログ3",100
2000141,0,2,4,1,102000360,"≪立ち上がる時≫アスナ<br>ヒーローログ1",50
2000142,0,2,3,1,102000360,"≪立ち上がる時≫アスナ<br>ヒーローログ2",50
2000143,0,2,3,5,102000360,"≪立ち上がる時≫アスナ<br>ヒーローログ3",100
2000144,0,3,4,1,103000310,"≪心繋がる時≫リーファ<br>ヒーローログ1",50
2000145,0,3,3,1,103000310,"≪心繋がる時≫リーファ<br>ヒーローログ2",50
2000146,0,3,3,5,103000310,"≪心繋がる時≫リーファ<br>ヒーローログ3",100
2000147,0,4,4,1,104000370,"≪意志示す時≫シノン<br>ヒーローログ1",50
2000148,0,4,3,1,104000370,"≪意志示す時≫シノン<br>ヒーローログ2",50
2000149,0,4,3,5,104000370,"≪意志示す時≫シノン<br>ヒーローログ3",100
2000150,0,9,4,1,109000290,"≪背中押す時≫ユウキ<br>ヒーローログ1",50
2000151,0,9,3,1,109000290,"≪背中押す時≫ユウキ<br>ヒーローログ2",50
2000152,0,9,3,5,109000290,"≪背中押す時≫ユウキ<br>ヒーローログ3",100
2000153,0,3,4,1,103000320,"≪ジョイフルキャロル≫リーファ<br>ヒーローログ1",50
2000154,0,3,3,1,103000320,"≪ジョイフルキャロル≫リーファ<br>ヒーローログ2",50
2000155,0,3,3,5,103000320,"≪ジョイフルキャロル≫リーファ<br>ヒーローログ3",100
2000156,0,4,4,1,104000380,"≪ホワイトジングル≫シノン<br>ヒーローログ1",50
2000157,0,4,3,1,104000380,"≪ホワイトジングル≫シノン<br>ヒーローログ2",50
2000158,0,4,3,5,104000380,"≪ホワイトジングル≫シノン<br>ヒーローログ3",100
2000159,0,11,4,1,111000210,"≪スノープレゼント≫アリス<br>ヒーローログ1",50
2000160,0,11,3,1,111000210,"≪スノープレゼント≫アリス<br>ヒーローログ2",50
2000161,0,11,3,5,111000210,"≪スノープレゼント≫アリス<br>ヒーローログ3",100
2000162,0,9,4,1,109000300,"≪サンタさん大作戦！≫ユウキ<br>ヒーローログ1",50
2000163,0,9,3,1,109000300,"≪サンタさん大作戦！≫ユウキ<br>ヒーローログ2",50
2000164,0,9,3,5,109000300,"≪サンタさん大作戦！≫ユウキ<br>ヒーローログ3",100
2000165,0,2,4,1,102000370,"≪プレゼント大作戦！≫アスナ<br>ヒーローログ1",50
2000166,0,2,3,1,102000370,"≪プレゼント大作戦！≫アスナ<br>ヒーローログ2",50
2000167,0,2,3,5,102000370,"≪プレゼント大作戦！≫アスナ<br>ヒーローログ3",100
2000168,0,2,4,1,102000380,"≪荒野の閃光≫アスナ<br>ヒーローログ1",50
2000169,0,2,3,1,102000380,"≪荒野の閃光≫アスナ<br>ヒーローログ2",50
2000170,0,2,3,5,102000380,"≪荒野の閃光≫アスナ<br>ヒーローログ3",100
2000171,0,4,4,1,104000390,"≪血盟の狙撃手≫シノン<br>ヒーローログ1",50
2000172,0,4,3,1,104000390,"≪血盟の狙撃手≫シノン<br>ヒーローログ2",50
2000173,0,4,3,5,104000390,"≪血盟の狙撃手≫シノン<br>ヒーローログ3",100
2000174,0,2,4,1,102000390,"≪厳正な副団長≫アスナ<br>ヒーローログ1",50
2000175,0,2,3,1,102000390,"≪厳正な副団長≫アスナ<br>ヒーローログ2",50
2000176,0,2,3,5,102000390,"≪厳正な副団長≫アスナ<br>ヒーローログ3",100
2000177,0,2,4,1,102000400,"≪麗姿の眼差し≫アスナ<br>ヒーローログ1",50
2000178,0,2,3,1,102000400,"≪麗姿の眼差し≫アスナ<br>ヒーローログ2",50
2000179,0,2,3,5,102000400,"≪麗姿の眼差し≫アスナ<br>ヒーローログ3",100
2000180,0,11,4,1,111000220,"≪光の巫女≫アリス<br>ヒーローログ1",50
2000181,0,11,3,1,111000220,"≪光の巫女≫アリス<br>ヒーローログ2",50
2000182,0,11,3,5,111000220,"≪光の巫女≫アリス<br>ヒーローログ3",100
2000183,0,12,4,1,112000140,"≪休剣の手入れ≫ユージオ<br>ヒーローログ1",50
2000184,0,12,3,1,112000140,"≪休剣の手入れ≫ユージオ<br>ヒーローログ2",50
2000185,0,12,3,5,112000140,"≪休剣の手入れ≫ユージオ<br>ヒーローログ3",100
2000186,0,3,4,1,103000330,"≪乙女の髪留め≫リーファ<br>ヒーローログ1",50
2000187,0,3,3,1,103000330,"≪乙女の髪留め≫リーファ<br>ヒーローログ2",50
2000188,0,3,3,5,103000330,"≪乙女の髪留め≫リーファ<br>ヒーローログ3",100
2000189,0,7,4,1,107000170,"≪頭領の音頭≫クライン<br>ヒーローログ1",50
2000190,0,7,3,1,107000170,"≪頭領の音頭≫クライン<br>ヒーローログ2",50
2000191,0,7,3,5,107000170,"≪頭領の音頭≫クライン<br>ヒーローログ3",100
2000192,0,5,4,1,105000250,"≪休日の談笑≫リズベット<br>ヒーローログ1",50
2000193,0,5,3,1,105000250,"≪休日の談笑≫リズベット<br>ヒーローログ2",50
2000194,0,5,3,5,105000250,"≪休日の談笑≫リズベット<br>ヒーローログ3",100
2000195,0,9,4,1,109000310,"≪さかさま花世界≫ユウキ<br>ヒーローログ1",50
2000196,0,9,3,1,109000310,"≪さかさま花世界≫ユウキ<br>ヒーローログ2",50
2000197,0,9,3,5,109000310,"≪さかさま花世界≫ユウキ<br>ヒーローログ3",100
2000198,0,1,4,1,101000310,"≪伝説の始まり≫キリト<br>ヒーローログ1",50
2000199,0,1,3,1,101000310,"≪伝説の始まり≫キリト<br>ヒーローログ2",50
2000200,0,1,3,5,101000310,"≪伝説の始まり≫キリト<br>ヒーローログ3",100
2000201,0,2,4,1,102000410,"≪閃光の救世主≫アスナ<br>ヒーローログ1",50
2000202,0,2,3,1,102000410,"≪閃光の救世主≫アスナ<br>ヒーローログ2",50
2000203,0,2,3,5,102000410,"≪閃光の救世主≫アスナ<br>ヒーローログ3",100
2000204,0,3,4,1,103000340,"≪豊潤な湯浴み≫リーファ<br>ヒーローログ1",50
2000205,0,3,3,1,103000340,"≪豊潤な湯浴み≫リーファ<br>ヒーローログ2",50
2000206,0,3,3,5,103000340,"≪豊潤な湯浴み≫リーファ<br>ヒーローログ3",100
2000207,0,10,4,1,110000200,"≪秘境の癒湯≫アルゴ<br>ヒーローログ1",50
2000208,0,10,3,1,110000200,"≪秘境の癒湯≫アルゴ<br>ヒーローログ2",50
2000209,0,10,3,5,110000200,"≪秘境の癒湯≫アルゴ<br>ヒーローログ3",100
2000210,0,18,4,1,118000120,"≪湯上り素顔≫レイン<br>ヒーローログ1",50
2000211,0,18,3,1,118000120,"≪湯上り素顔≫レイン<br>ヒーローログ2",50
2000212,0,18,3,5,118000120,"≪湯上り素顔≫レイン<br>ヒーローログ3",100
2000213,0,1,4,1,101000320,"≪世界を包む星空≫キリト<br>ヒーローログ1",50
2000214,0,1,3,1,101000320,"≪世界を包む星空≫キリト<br>ヒーローログ2",50
2000215,0,1,3,5,101000320,"≪世界を包む星空≫キリト<br>ヒーローログ3",100
2000216,0,11,4,1,111000230,"≪世界を導く光≫アリス<br>ヒーローログ1",50
2000217,0,11,3,1,111000230,"≪世界を導く光≫アリス<br>ヒーローログ2",50
2000218,0,11,3,5,111000230,"≪世界を導く光≫アリス<br>ヒーローログ3",100
2000219,0,12,4,1,112000150,"≪世界を見守る剣≫ユージオ<br>ヒーローログ1",50
2000220,0,12,3,1,112000150,"≪世界を見守る剣≫ユージオ<br>ヒーローログ2",50
2000221,0,12,3,5,112000150,"≪世界を見守る剣≫ユージオ<br>ヒーローログ3",100
2000222,0,1,4,1,101000330,"≪ふたとせ求めて≫キリト<br>ヒーローログ1",50
2000223,0,1,3,1,101000330,"≪ふたとせ求めて≫キリト<br>ヒーローログ2",50
2000224,0,1,3,5,101000330,"≪ふたとせ求めて≫キリト<br>ヒーローログ3",100
2000225,0,2,4,1,102000420,"≪ふたとせ歩みて≫アスナ<br>ヒーローログ1",50
2000226,0,2,3,1,102000420,"≪ふたとせ歩みて≫アスナ<br>ヒーローログ2",50
2000227,0,2,3,5,102000420,"≪ふたとせ歩みて≫アスナ<br>ヒーローログ3",100
2000228,0,3,4,1,103000350,"≪ふたとせ守りて≫リーファ<br>ヒーローログ1",50
2000229,0,3,3,1,103000350,"≪ふたとせ守りて≫リーファ<br>ヒーローログ2",50
2000230,0,3,3,5,103000350,"≪ふたとせ守りて≫リーファ<br>ヒーローログ3",100
2000231,0,4,4,1,104000400,"≪ふたとせ挑みて≫シノン<br>ヒーローログ1",50
2000232,0,4,3,1,104000400,"≪ふたとせ挑みて≫シノン<br>ヒーローログ2",50
2000233,0,4,3,5,104000400,"≪ふたとせ挑みて≫シノン<br>ヒーローログ3",100
2000234,0,9,4,1,109000320,"≪ふたとせ笑いて≫ユウキ<br>ヒーローログ1",50
2000235,0,9,3,1,109000320,"≪ふたとせ笑いて≫ユウキ<br>ヒーローログ2",50
2000236,0,9,3,5,109000320,"≪ふたとせ笑いて≫ユウキ<br>ヒーローログ3",100
2000237,0,11,4,1,111000240,"≪ふたとせ廻りて≫アリス<br>ヒーローログ1",50
2000238,0,11,3,1,111000240,"≪ふたとせ廻りて≫アリス<br>ヒーローログ2",50
2000239,0,11,3,5,111000240,"≪ふたとせ廻りて≫アリス<br>ヒーローログ3",100
2000240,0,2,4,1,102000430,"≪いとしのショコラティエ≫アスナ<br>ヒーローログ1",50
2000241,0,2,3,1,102000430,"≪いとしのショコラティエ≫アスナ<br>ヒーローログ2",50
2000242,0,2,3,5,102000430,"≪いとしのショコラティエ≫アスナ<br>ヒーローログ3",100
2000243,0,5,4,1,105000260,"≪鍛冶師の平穏≫リズベット<br>ヒーローログ1",50
2000244,0,5,3,1,105000260,"≪鍛冶師の平穏≫リズベット<br>ヒーローログ2",50
2000245,0,5,3,5,105000260,"≪鍛冶師の平穏≫リズベット<br>ヒーローログ3",100
2000246,0,5,4,1,105000270,"≪闊達な誘い≫リズベット<br>ヒーローログ1",50
2000247,0,5,3,1,105000270,"≪闊達な誘い≫リズベット<br>ヒーローログ2",50
2000248,0,5,3,5,105000270,"≪闊達な誘い≫リズベット<br>ヒーローログ3",100
2000249,0,5,4,1,105000280,"≪恋するお人形≫リズベット<br>ヒーローログ1",50
2000250,0,5,3,1,105000280,"≪恋するお人形≫リズベット<br>ヒーローログ2",50
2000251,0,5,3,5,105000280,"≪恋するお人形≫リズベット<br>ヒーローログ3",100
2000252,0,8,4,1,108000170,"≪勇猛な巨躯≫エギル<br>ヒーローログ1",50
2000253,0,8,3,1,108000170,"≪勇猛な巨躯≫エギル<br>ヒーローログ2",50
2000254,0,8,3,5,108000170,"≪勇猛な巨躯≫エギル<br>ヒーローログ3",100
2000255,0,4,4,1,104000410,"≪女神の羽休め≫シノン<br>ヒーローログ1",50
2000256,0,4,3,1,104000410,"≪女神の羽休め≫シノン<br>ヒーローログ2",50
2000257,0,4,3,5,104000410,"≪女神の羽休め≫シノン<br>ヒーローログ3",100
2000258,0,9,4,1,109000330,"≪遠望の彼方≫ユウキ<br>ヒーローログ1",50
2000259,0,9,3,1,109000330,"≪遠望の彼方≫ユウキ<br>ヒーローログ2",50
2000260,0,9,3,5,109000330,"≪遠望の彼方≫ユウキ<br>ヒーローログ3",100
2000261,0,10,4,1,110000210,"≪月宙の飛躍≫アルゴ<br>ヒーローログ1",50
2000262,0,10,3,1,110000210,"≪月宙の飛躍≫アルゴ<br>ヒーローログ2",50
2000263,0,10,3,5,110000210,"≪月宙の飛躍≫アルゴ<br>ヒーローログ3",100
2000264,0,1,4,1,101000340,"≪安らぎの我が家≫キリト<br>ヒーローログ1",50
2000265,0,1,3,1,101000340,"≪安らぎの我が家≫キリト<br>ヒーローログ2",50
2000266,0,1,3,5,101000340,"≪安らぎの我が家≫キリト<br>ヒーローログ3",100
2000267,0,18,4,1,118000130,"≪晴天の君≫レイン<br>ヒーローログ1",50
2000268,0,18,3,1,118000130,"≪晴天の君≫レイン<br>ヒーローログ2",50
2000269,0,18,3,5,118000130,"≪晴天の君≫レイン<br>ヒーローログ3",100
2000270,0,2,4,1,102000440,"≪湯の華咲いた≫アスナ<br>ヒーローログ1",50
2000271,0,2,3,1,102000440,"≪湯の華咲いた≫アスナ<br>ヒーローログ2",50
2000272,0,2,3,5,102000440,"≪湯の華咲いた≫アスナ<br>ヒーローログ3",100
2000273,0,9,4,1,109000340,"≪温浴の寛ぎ≫ユウキ<br>ヒーローログ1",50
2000274,0,9,3,1,109000340,"≪温浴の寛ぎ≫ユウキ<br>ヒーローログ2",50
2000275,0,9,3,5,109000340,"≪温浴の寛ぎ≫ユウキ<br>ヒーローログ3",100
2000276,0,1,4,1,101000350,"≪笑顔守るために≫キリト<br>ヒーローログ1",50
2000277,0,1,3,1,101000350,"≪笑顔守るために≫キリト<br>ヒーローログ2",50
2000278,0,1,3,5,101000350,"≪笑顔守るために≫キリト<br>ヒーローログ3",100
2000279,0,6,4,1,106000300,"≪電脳の歌姫≫シリカ<br>ヒーローログ1",50
2000280,0,6,3,1,106000300,"≪電脳の歌姫≫シリカ<br>ヒーローログ2",50
2000281,0,6,3,5,106000300,"≪電脳の歌姫≫シリカ<br>ヒーローログ3",100
2000282,0,18,3,1,118000140,"≪繋ぐ想い≫レイン<br>ヒーローログ1",50
2000283,0,18,3,5,118000140,"≪繋ぐ想い≫レイン<br>ヒーローログ2",100
2000284,0,1,4,1,101000360,"≪運命の相棒≫キリト<br>ヒーローログ1",50
2000285,0,1,3,1,101000360,"≪運命の相棒≫キリト<br>ヒーローログ2",50
2000286,0,1,3,5,101000360,"≪運命の相棒≫キリト<br>ヒーローログ3",100
2000287,0,12,4,1,112000160,"≪無二の相棒≫ユージオ<br>ヒーローログ1",50
2000288,0,12,3,1,112000160,"≪無二の相棒≫ユージオ<br>ヒーローログ2",50
2000289,0,12,3,5,112000160,"≪無二の相棒≫ユージオ<br>ヒーローログ3",100
2000290,0,5,4,1,105000290,"≪頼れる盟友≫リズベット<br>ヒーローログ1",50
2000291,0,5,3,1,105000290,"≪頼れる盟友≫リズベット<br>ヒーローログ2",50
2000292,0,5,3,5,105000290,"≪頼れる盟友≫リズベット<br>ヒーローログ3",100
2000293,0,6,4,1,106000310,"≪勇気の跳躍≫シリカ<br>ヒーローログ1",50
2000294,0,6,3,1,106000310,"≪勇気の跳躍≫シリカ<br>ヒーローログ2",50
2000295,0,6,3,5,106000310,"≪勇気の跳躍≫シリカ<br>ヒーローログ3",100
2000296,0,2,4,1,102000450,"≪うららかジャンプ≫アスナ<br>ヒーローログ1",50
2000297,0,2,3,1,102000450,"≪うららかジャンプ≫アスナ<br>ヒーローログ2",50
2000298,0,2,3,5,102000450,"≪うららかジャンプ≫アスナ<br>ヒーローログ3",100
2000299,0,9,4,1,109000350,"≪はるかぜジャンプ≫ユウキ<br>ヒーローログ1",50
2000300,0,9,3,1,109000350,"≪はるかぜジャンプ≫ユウキ<br>ヒーローログ2",50
2000301,0,9,3,5,109000350,"≪はるかぜジャンプ≫ユウキ<br>ヒーローログ3",100
2000302,0,11,4,1,111000250,"≪ゆきどけジャンプ≫アリス<br>ヒーローログ1",50
2000303,0,11,3,1,111000250,"≪ゆきどけジャンプ≫アリス<br>ヒーローログ2",50
2000304,0,11,3,5,111000250,"≪ゆきどけジャンプ≫アリス<br>ヒーローログ3",100
2000305,0,1,4,1,101000370,"≪黒衣の英雄≫キリト<br>ヒーローログ1",50
2000306,0,1,3,1,101000370,"≪黒衣の英雄≫キリト<br>ヒーローログ2",50
2000307,0,1,3,5,101000370,"≪黒衣の英雄≫キリト<br>ヒーローログ3",100
2000308,0,5,4,1,105000300,"≪英雄の剣匠≫リズベット<br>ヒーローログ1",50
2000309,0,5,3,1,105000300,"≪英雄の剣匠≫リズベット<br>ヒーローログ2",50
2000310,0,5,3,5,105000300,"≪英雄の剣匠≫リズベット<br>ヒーローログ3",100
2000311,0,4,4,1,104000420,"≪私の現実≫シノン<br>ヒーローログ1",50
2000312,0,4,3,1,104000420,"≪私の現実≫シノン<br>ヒーローログ2",50
2000313,0,4,3,5,104000420,"≪私の現実≫シノン<br>ヒーローログ3",100
2000314,0,11,4,1,111000260,"≪世界を越えて≫アリス<br>ヒーローログ1",50
2000315,0,11,3,1,111000260,"≪世界を越えて≫アリス<br>ヒーローログ2",50
2000316,0,11,3,5,111000260,"≪世界を越えて≫アリス<br>ヒーローログ3",100
2000317,0,12,4,1,112000170,"≪新たな挑戦≫ユージオ<br>ヒーローログ1",50
2000318,0,12,3,1,112000170,"≪新たな挑戦≫ユージオ<br>ヒーローログ2",50
2000319,0,12,3,5,112000170,"≪新たな挑戦≫ユージオ<br>ヒーローログ3",100
2000320,0,18,4,1,118000150,"≪共に駆ける今≫レイン<br>ヒーローログ1",50
2000321,0,18,3,1,118000150,"≪共に駆ける今≫レイン<br>ヒーローログ2",50
2000322,0,18,3,5,118000150,"≪共に駆ける今≫レイン<br>ヒーローログ3",100
2000323,0,3,4,1,103000360,"≪南風に吹かれて≫リーファ<br>ヒーローログ1",50
2000324,0,3,3,1,103000360,"≪南風に吹かれて≫リーファ<br>ヒーローログ2",50
2000325,0,3,3,5,103000360,"≪南風に吹かれて≫リーファ<br>ヒーローログ3",100
2000326,0,2,4,1,102000460,"≪親友スマイル≫アスナ<br>ヒーローログ1",50
2000327,0,2,3,1,102000460,"≪親友スマイル≫アスナ<br>ヒーローログ2",50
2000328,0,2,3,5,102000460,"≪親友スマイル≫アスナ<br>ヒーローログ3",100
2000329,0,5,4,1,105000310,"≪親友ハピネス≫リズベット<br>ヒーローログ1",50
2000330,0,5,3,1,105000310,"≪親友ハピネス≫リズベット<br>ヒーローログ2",50
2000331,0,5,3,5,105000310,"≪親友ハピネス≫リズベット<br>ヒーローログ3",100
2000332,0,3,4,1,103000370,"≪無防備な女神≫リーファ<br>ヒーローログ1",50
2000333,0,3,3,1,103000370,"≪無防備な女神≫リーファ<br>ヒーローログ2",50
2000334,0,3,3,5,103000370,"≪無防備な女神≫リーファ<br>ヒーローログ3",100
2000335,0,2,4,1,102000470,"≪フェアリー・ワルツ≫アスナ<br>ヒーローログ1",50
2000336,0,2,3,1,102000470,"≪フェアリー・ワルツ≫アスナ<br>ヒーローログ2",50
2000337,0,2,3,5,102000470,"≪フェアリー・ワルツ≫アスナ<br>ヒーローログ3",100
2000338,0,3,4,1,103000380,"≪フェアリー・マージ≫リーファ<br>ヒーローログ1",50
2000339,0,3,3,1,103000380,"≪フェアリー・マージ≫リーファ<br>ヒーローログ2",50
2000340,0,3,3,5,103000380,"≪フェアリー・マージ≫リーファ<br>ヒーローログ3",100
2000341,0,1,4,1,101000380,"≪妖精の決闘≫キリト<br>ヒーローログ1",50
2000342,0,1,3,1,101000380,"≪妖精の決闘≫キリト<br>ヒーローログ2",50
2000343,0,1,3,5,101000380,"≪妖精の決闘≫キリト<br>ヒーローログ3",100
2000344,0,4,4,1,104000430,"≪幸せの青い鳥≫シノン<br>ヒーローログ1",50
2000345,0,4,3,1,104000430,"≪幸せの青い鳥≫シノン<br>ヒーローログ2",50
2000346,0,4,3,5,104000430,"≪幸せの青い鳥≫シノン<br>ヒーローログ3",100
2000347,0,10,4,1,110000220,"≪秘密の甘邸≫アルゴ<br>ヒーローログ1",50
2000348,0,10,3,1,110000220,"≪秘密の甘邸≫アルゴ<br>ヒーローログ2",50
2000349,0,10,3,5,110000220,"≪秘密の甘邸≫アルゴ<br>ヒーローログ3",100
2000350,0,10,4,1,110000230,"≪俊鼠の隠密≫アルゴ<br>ヒーローログ1",50
2000351,0,10,3,1,110000230,"≪俊鼠の隠密≫アルゴ<br>ヒーローログ2",50
2000352,0,10,3,5,110000230,"≪俊鼠の隠密≫アルゴ<br>ヒーローログ3",100
2000353,0,10,4,1,110000240,"≪見通す眼差し≫アルゴ<br>ヒーローログ1",50
2000354,0,10,3,1,110000240,"≪見通す眼差し≫アルゴ<br>ヒーローログ2",50
2000355,0,10,3,5,110000240,"≪見通す眼差し≫アルゴ<br>ヒーローログ3",100
2000356,0,18,4,1,118000160,"≪にじさす未来≫レイン<br>ヒーローログ1",50
2000357,0,18,3,1,118000160,"≪にじさす未来≫レイン<br>ヒーローログ2",50
2000358,0,18,3,5,118000160,"≪にじさす未来≫レイン<br>ヒーローログ3",100
2000359,0,4,4,1,104000440,"≪麗凛な獣猫≫シノン<br>ヒーローログ1",50
2000360,0,4,3,1,104000440,"≪麗凛な獣猫≫シノン<br>ヒーローログ2",50
2000361,0,4,3,5,104000440,"≪麗凛な獣猫≫シノン<br>ヒーローログ3",100
2000362,0,5,4,1,105000320,"≪毛繕い桃猫≫リズベット<br>ヒーローログ1",50
2000363,0,5,3,1,105000320,"≪毛繕い桃猫≫リズベット<br>ヒーローログ2",50
2000364,0,5,3,5,105000320,"≪毛繕い桃猫≫リズベット<br>ヒーローログ3",100
2000365,0,6,4,1,106000320,"≪まったり愛猫≫シリカ<br>ヒーローログ1",50
2000366,0,6,3,1,106000320,"≪まったり愛猫≫シリカ<br>ヒーローログ2",50
2000367,0,6,3,5,106000320,"≪まったり愛猫≫シリカ<br>ヒーローログ3",100
2000368,0,8,4,1,108000180,"≪隆隆狩猫≫エギル<br>ヒーローログ1",50
2000369,0,8,3,1,108000180,"≪隆隆狩猫≫エギル<br>ヒーローログ2",50
2000370,0,8,3,5,108000180,"≪隆隆狩猫≫エギル<br>ヒーローログ3",100
2000371,0,9,4,1,109000360,"≪とびつき活猫≫ユウキ<br>ヒーローログ1",50
2000372,0,9,3,1,109000360,"≪とびつき活猫≫ユウキ<br>ヒーローログ2",50
2000373,0,9,3,5,109000360,"≪とびつき活猫≫ユウキ<br>ヒーローログ3",100
2000374,0,9,4,1,109000370,"≪おすわりリトル≫ユウキ<br>ヒーローログ1",50
2000375,0,9,3,1,109000370,"≪おすわりリトル≫ユウキ<br>ヒーローログ2",50
2000376,0,9,3,5,109000370,"≪おすわりリトル≫ユウキ<br>ヒーローログ3",100
2000377,0,1,4,1,101000390,"≪飛翔の新天地≫キリト<br>ヒーローログ1",50
2000378,0,1,3,1,101000390,"≪飛翔の新天地≫キリト<br>ヒーローログ2",50
2000379,0,1,3,5,101000390,"≪飛翔の新天地≫キリト<br>ヒーローログ3",100
2000380,0,3,4,1,103000390,"≪風舞う妖精≫リーファ<br>ヒーローログ1",50
2000381,0,3,3,1,103000390,"≪風舞う妖精≫リーファ<br>ヒーローログ2",50
2000382,0,3,3,5,103000390,"≪風舞う妖精≫リーファ<br>ヒーローログ3",100
2000383,0,9,4,1,109000380,"≪十字の加護≫ユウキ<br>ヒーローログ1",50
2000384,0,9,3,1,109000380,"≪十字の加護≫ユウキ<br>ヒーローログ2",50
2000385,0,9,3,5,109000380,"≪十字の加護≫ユウキ<br>ヒーローログ3",100
2000386,0,11,4,1,111000270,"≪世界を愛した少女≫アリス<br>ヒーローログ1",50
2000387,0,11,3,1,111000270,"≪世界を愛した少女≫アリス<br>ヒーローログ2",50
2000388,0,11,3,5,111000270,"≪世界を愛した少女≫アリス<br>ヒーローログ3",100
2000389,0,12,4,1,112000180,"≪寄り添う心≫ユージオ<br>ヒーローログ1",50
2000390,0,12,3,1,112000180,"≪寄り添う心≫ユージオ<br>ヒーローログ2",50
2000391,0,12,3,5,112000180,"≪寄り添う心≫ユージオ<br>ヒーローログ3",100
2000392,0,2,4,1,102000480,"≪犀薫る浜辺≫アスナ<br>ヒーローログ1",50
2000393,0,2,3,1,102000480,"≪犀薫る浜辺≫アスナ<br>ヒーローログ2",50
2000394,0,2,3,5,102000480,"≪犀薫る浜辺≫アスナ<br>ヒーローログ3",100
2000395,0,11,4,1,111000280,"≪波打ち際の彩≫アリス<br>ヒーローログ1",50
2000396,0,11,3,1,111000280,"≪波打ち際の彩≫アリス<br>ヒーローログ2",50
2000397,0,11,3,5,111000280,"≪波打ち際の彩≫アリス<br>ヒーローログ3",100
2000398,0,18,4,1,118000170,"≪胸躍る一歩≫レイン<br>ヒーローログ1",50
2000399,0,18,3,1,118000170,"≪胸躍る一歩≫レイン<br>ヒーローログ2",50
2000400,0,18,3,5,118000170,"≪胸躍る一歩≫レイン<br>ヒーローログ3",100
2000401,0,6,4,1,106000330,"≪一輪の幼花≫シリカ<br>ヒーローログ1",50
2000402,0,6,3,1,106000330,"≪一輪の幼花≫シリカ<br>ヒーローログ2",50
2000403,0,6,3,5,106000330,"≪一輪の幼花≫シリカ<br>ヒーローログ3",100
2000404,0,3,4,1,103000400,"《微睡の砂浜》リーファ<br>ヒーローログ1",50
2000405,0,3,3,1,103000400,"《微睡の砂浜》リーファ<br>ヒーローログ2",50
2000406,0,3,3,5,103000400,"《微睡の砂浜》リーファ<br>ヒーローログ3",100
2000407,0,5,4,1,105000330,"《海辺の休息》リズベット<br>ヒーローログ1",50
2000408,0,5,3,1,105000330,"《海辺の休息》リズベット<br>ヒーローログ2",50
2000409,0,5,3,5,105000330,"《海辺の休息》リズベット<br>ヒーローログ3",100
2000410,0,9,4,1,109000390,"《夏の陽の夢》ユウキ<br>ヒーローログ1",50
2000411,0,9,3,1,109000390,"《夏の陽の夢》ユウキ<br>ヒーローログ2",50
2000412,0,9,3,5,109000390,"《夏の陽の夢》ユウキ<br>ヒーローログ3",100
2000413,0,10,4,1,110000250,"《波際の司令塔》アルゴ<br>ヒーローログ1",50
2000414,0,10,3,1,110000250,"《波際の司令塔》アルゴ<br>ヒーローログ2",50
2000415,0,10,3,5,110000250,"《波際の司令塔》アルゴ<br>ヒーローログ3",100
2000416,0,18,4,1,118000180,"《心躍る岸辺》レイン<br>ヒーローログ1",50
2000417,0,18,3,1,118000180,"《心躍る岸辺》レイン<br>ヒーローログ2",50
2000418,0,18,3,5,118000180,"《心躍る岸辺》レイン<br>ヒーローログ3",100
2000419,0,4,4,1,104000450,"《砂辺の観戦者》シノン<br>ヒーローログ1",50
2000420,0,4,3,1,104000450,"《砂辺の観戦者》シノン<br>ヒーローログ2",50
2000421,0,4,3,5,104000450,"《砂辺の観戦者》シノン<br>ヒーローログ3",100
2000422,0,6,4,1,106000340,"《大海の中の絆》シリカ<br>ヒーローログ1",50
2000423,0,6,3,1,106000340,"《大海の中の絆》シリカ<br>ヒーローログ2",50
2000424,0,6,3,5,106000340,"《大海の中の絆》シリカ<br>ヒーローログ3",100
2000425,0,4,4,1,104000460,"《騎士の心得》シノン<br>ヒーローログ1",50
2000426,0,4,3,1,104000460,"《騎士の心得》シノン<br>ヒーローログ2",50
2000427,0,4,3,5,104000460,"《騎士の心得》シノン<br>ヒーローログ3",100
2000428,0,11,4,1,111000290,"《射撃手の心得》アリス<br>ヒーローログ1",50
2000429,0,11,3,1,111000290,"《射撃手の心得》アリス<br>ヒーローログ2",50
2000430,0,11,3,5,111000290,"《射撃手の心得》アリス<br>ヒーローログ3",100
2000431,0,3,4,1,103000410,"《休息の女神》リーファ<br>ヒーローログ1",50
2000432,0,3,3,1,103000410,"《休息の女神》リーファ<br>ヒーローログ2",50
2000433,0,3,3,5,103000410,"《休息の女神》リーファ<br>ヒーローログ3",100
2000434,0,2,4,1,102000490,"《憩いの女神》アスナ<br>ヒーローログ1",50
2000435,0,2,3,1,102000490,"《憩いの女神》アスナ<br>ヒーローログ2",50
2000436,0,2,3,5,102000490,"《憩いの女神》アスナ<br>ヒーローログ3",100
2000437,0,6,4,1,106000350,"《仔猫の交情》シリカ<br>ヒーローログ1",50
2000438,0,6,3,1,106000350,"《仔猫の交情》シリカ<br>ヒーローログ2",50
2000439,0,6,3,5,106000350,"《仔猫の交情》シリカ<br>ヒーローログ3",100
2000440,0,18,4,1,118000190,"《開襟への架け橋》レイン<br>ヒーローログ1",50
2000441,0,18,3,1,118000190,"《開襟への架け橋》レイン<br>ヒーローログ2",50
2000442,0,18,3,5,118000190,"《開襟への架け橋》レイン<br>ヒーローログ3",100
2000443,0,2,4,1,102000500,"《水妖精の導き》アスナ<br>ヒーローログ1",50
2000444,0,2,3,1,102000500,"《水妖精の導き》アスナ<br>ヒーローログ2",50
2000445,0,2,3,5,102000500,"《水妖精の導き》アスナ<br>ヒーローログ3",100
2000446,0,4,4,1,104000470,"《同朋の待望》シノン<br>ヒーローログ1",50
2000447,0,4,3,1,104000470,"《同朋の待望》シノン<br>ヒーローログ2",50
2000448,0,4,3,5,104000470,"《同朋の待望》シノン<br>ヒーローログ3",100
2000449,0,3,4,1,103000420,"《寛ぎの我が家》リーファ<br>ヒーローログ1",50
2000450,0,3,3,1,103000420,"《寛ぎの我が家》リーファ<br>ヒーローログ2",50
2000451,0,3,3,5,103000420,"《寛ぎの我が家》リーファ<br>ヒーローログ3",100
2000476,0,2,4,1,102000530,"《夢の逸楽》アスナ<br>ヒーローログ1",50
2000477,0,2,3,1,102000530,"《夢の逸楽》アスナ<br>ヒーローログ2",50
2000478,0,2,3,5,102000530,"《夢の逸楽》アスナ<br>ヒーローログ3",100
2000479,0,3,4,1,103000450,"《賽の悦楽》リーファ<br>ヒーローログ1",50
2000480,0,3,3,1,103000450,"《賽の悦楽》リーファ<br>ヒーローログ2",50
2000481,0,3,3,5,103000450,"《賽の悦楽》リーファ<br>ヒーローログ3",100
2000482,0,4,4,1,104000490,"《廻る享楽》シノン<br>ヒーローログ1",50
2000483,0,4,3,1,104000490,"《廻る享楽》シノン<br>ヒーローログ2",50
2000484,0,4,3,5,104000490,"《廻る享楽》シノン<br>ヒーローログ3",100
2000485,0,6,4,1,106000370,"《二色の歓楽》シリカ<br>ヒーローログ1",50
2000486,0,6,3,1,106000370,"《二色の歓楽》シリカ<br>ヒーローログ2",50
2000487,0,6,3,5,106000370,"《二色の歓楽》シリカ<br>ヒーローログ3",100
2000488,0,11,4,1,111000310,"《兎の務め》アリス<br>ヒーローログ1",50
2000489,0,11,3,1,111000310,"《兎の務め》アリス<br>ヒーローログ2",50
2000490,0,11,3,5,111000310,"《兎の務め》アリス<br>ヒーローログ3",100
2000491,0,5,4,1,105000350,"《ぬくもりの黒制服》リズベット<br>ヒーローログ1",50
2000492,0,5,3,1,105000350,"《ぬくもりの黒制服》リズベット<br>ヒーローログ2",50
2000493,0,5,3,5,105000350,"《ぬくもりの黒制服》リズベット<br>ヒーローログ3",100
2000494,0,6,4,1,106000380,"《闇色の心頼》シリカ<br>ヒーローログ1",50
2000495,0,6,3,1,106000380,"《闇色の心頼》シリカ<br>ヒーローログ2",50
2000496,0,6,3,5,106000380,"《闇色の心頼》シリカ<br>ヒーローログ3",100
2000497,0,10,4,1,110000260,"《黒尽くめの密か》アルゴ<br>ヒーローログ1",50
2000498,0,10,3,1,110000260,"《黒尽くめの密か》アルゴ<br>ヒーローログ2",50
2000499,0,10,3,5,110000260,"《黒尽くめの密か》アルゴ<br>ヒーローログ3",100
2000500,0,1,4,1,101000400,"《純白の誓い》キリト<br>ヒーローログ1",50
2000501,0,1,3,1,101000400,"《純白の誓い》キリト<br>ヒーローログ2",50
2000502,0,1,3,5,101000400,"《純白の誓い》キリト<br>ヒーローログ3",100
2000503,0,2,4,1,102000540,"《純黒の誓い》アスナ<br>ヒーローログ1",50
2000504,0,2,3,1,102000540,"《純黒の誓い》アスナ<br>ヒーローログ2",50
2000505,0,2,3,5,102000540,"《純黒の誓い》アスナ<br>ヒーローログ3",100
2000506,0,7,4,1,107000180,"《跳躍の托生》クライン<br>ヒーローログ1",50
2000507,0,7,3,1,107000180,"《跳躍の托生》クライン<br>ヒーローログ2",50
2000508,0,7,3,5,107000180,"《跳躍の托生》クライン<br>ヒーローログ3",100
2000509,0,9,4,1,109000400,"《優姿の眼差し》ユウキ<br>ヒーローログ1",50
2000510,0,9,3,1,109000400,"《優姿の眼差し》ユウキ<br>ヒーローログ2",50
2000511,0,9,3,5,109000400,"《優姿の眼差し》ユウキ<br>ヒーローログ3",100
2000512,0,10,4,1,110000270,"《忍ぶ外套》アルゴ<br>ヒーローログ1",50
2000513,0,10,3,1,110000270,"《忍ぶ外套》アルゴ<br>ヒーローログ2",50
2000514,0,10,3,5,110000270,"《忍ぶ外套》アルゴ<br>ヒーローログ3",100
2000515,0,2,4,1,102000550,"《小径の花環》アスナ<br>ヒーローログ1",50
2000516,0,2,3,1,102000550,"《小径の花環》アスナ<br>ヒーローログ2",50
2000517,0,2,3,5,102000550,"《小径の花環》アスナ<br>ヒーローログ3",100
2000518,0,4,4,1,104000500,"《潜む強弩》シノン<br>ヒーローログ1",50
2000519,0,4,3,1,104000500,"《潜む強弩》シノン<br>ヒーローログ2",50
2000520,0,4,3,5,104000500,"《潜む強弩》シノン<br>ヒーローログ3",100
2000521,0,5,4,1,105000360,"《工匠の一驚》リズベット<br>ヒーローログ1",50
2000522,0,5,3,1,105000360,"《工匠の一驚》リズベット<br>ヒーローログ2",50
2000523,0,5,3,5,105000360,"《工匠の一驚》リズベット<br>ヒーローログ3",100
2000524,0,12,4,1,112000190,"《剣峰の決意》ユージオ<br>ヒーローログ1",50
2000525,0,12,3,1,112000190,"《剣峰の決意》ユージオ<br>ヒーローログ2",50
2000526,0,12,3,5,112000190,"《剣峰の決意》ユージオ<br>ヒーローログ3",100
2000527,0,1,4,1,101000410,"《赦しの一振り》キリト<br>ヒーローログ1",50
2000528,0,1,3,1,101000410,"《赦しの一振り》キリト<br>ヒーローログ2",50
2000529,0,1,3,5,101000410,"《赦しの一振り》キリト<br>ヒーローログ3",100
2000530,0,2,4,1,102000560,"《正しき一突き》アスナ<br>ヒーローログ1",50
2000531,0,2,3,1,102000560,"《正しき一突き》アスナ<br>ヒーローログ2",50
2000532,0,2,3,5,102000560,"《正しき一突き》アスナ<br>ヒーローログ3",100
2000533,0,1,4,1,101000420,"《糾明の快刀 》キリト<br>ヒーローログ1",50
2000534,0,1,3,1,101000420,"《糾明の快刀 》キリト<br>ヒーローログ2",50
2000535,0,1,3,5,101000420,"《糾明の快刀 》キリト<br>ヒーローログ3",100
2000536,0,3,4,1,103000460,"《贈る一番星》リーファ<br>ヒーローログ1",50
2000537,0,3,3,1,103000460,"《贈る一番星》リーファ<br>ヒーローログ2",50
2000538,0,3,3,5,103000460,"《贈る一番星》リーファ<br>ヒーローログ3",100
2000539,0,6,4,1,106000390,"《聖しあの夜》シリカ<br>ヒーローログ1",50
2000540,0,6,3,1,106000390,"《聖しあの夜》シリカ<br>ヒーローログ2",50
2000541,0,6,3,5,106000390,"《聖しあの夜》シリカ<br>ヒーローログ3",100
2000542,0,10,4,1,110000290,"《慶びの枕元》アルゴ<br>ヒーローログ1",50
2000543,0,10,3,1,110000290,"《慶びの枕元》アルゴ<br>ヒーローログ2",50
2000544,0,10,3,5,110000290,"《慶びの枕元》アルゴ<br>ヒーローログ3",100
2000545,0,11,4,1,111000320,"《駈走る雪原》アリス<br>ヒーローログ1",50
2000546,0,11,3,1,111000320,"《駈走る雪原》アリス<br>ヒーローログ2",50
2000547,0,11,3,5,111000320,"《駈走る雪原》アリス<br>ヒーローログ3",100
2000548,0,18,4,1,118000200,"《届ける聖歌》レイン<br>ヒーローログ1",50
2000549,0,18,3,1,118000200,"《届ける聖歌》レイン<br>ヒーローログ2",50
2000550,0,18,3,5,118000200,"《届ける聖歌》レイン<br>ヒーローログ3",100
2000551,0,2,4,1,102000570,"《相愛は甘やかに》アスナ<br>ヒーローログ1",50
2000552,0,2,3,1,102000570,"《相愛は甘やかに》アスナ<br>ヒーローログ2",50
2000553,0,2,3,5,102000570,"《相愛は甘やかに》アスナ<br>ヒーローログ3",100
2000554,0,4,4,1,104000510,"《親愛はとろけて》シノン<br>ヒーローログ1",50
2000555,0,4,3,1,104000510,"《親愛はとろけて》シノン<br>ヒーローログ2",50
2000556,0,4,3,5,104000510,"《親愛はとろけて》シノン<br>ヒーローログ3",100
2000557,0,5,4,1,105000370,"《友愛はほろ苦く》リズベット<br>ヒーローログ1",50
2000558,0,5,3,1,105000370,"《友愛はほろ苦く》リズベット<br>ヒーローログ2",50
2000559,0,5,3,5,105000370,"《友愛はほろ苦く》リズベット<br>ヒーローログ3",100
2000560,0,11,4,1,111000330,"《愛慕は未だ青く》アリス<br>ヒーローログ1",50
2000561,0,11,3,1,111000330,"《愛慕は未だ青く》アリス<br>ヒーローログ2",50
2000562,0,11,3,5,111000330,"《愛慕は未だ青く》アリス<br>ヒーローログ3",100
2000563,0,9,4,1,109000410,"《狙い撃つ軌道》ユウキ<br>ヒーローログ1",50
2000564,0,9,3,1,109000410,"《狙い撃つ軌道》ユウキ<br>ヒーローログ2",50
2000565,0,9,3,5,109000410,"《狙い撃つ軌道》ユウキ<br>ヒーローログ3",100
2000566,0,12,4,1,112000200,"《魔剣稽古》ユージオ<br>ヒーローログ1",50
2000567,0,12,3,1,112000200,"《魔剣稽古》ユージオ<br>ヒーローログ2",50
2000568,0,12,3,5,112000200,"《魔剣稽古》ユージオ<br>ヒーローログ3",100
2000569,0,18,4,1,118000210,"《虹架かる団らん》レイン<br>ヒーローログ1",50
2000570,0,18,3,1,118000210,"《虹架かる団らん》レイン<br>ヒーローログ2",50
2000571,0,18,3,5,118000210,"《虹架かる団らん》レイン<br>ヒーローログ3",100
2000572,0,3,4,1,103000470,"《序数の続きを》リーファ<br>ヒーローログ1",50
2000573,0,3,3,1,103000470,"《序数の続きを》リーファ<br>ヒーローログ2",50
2000574,0,3,3,5,103000470,"《序数の続きを》リーファ<br>ヒーローログ3",100
2000575,0,9,4,1,109000420,"《並び立つ基数》ユウキ<br>ヒーローログ1",50
2000576,0,9,3,1,109000420,"《並び立つ基数》ユウキ<br>ヒーローログ2",50
2000577,0,9,3,5,109000420,"《並び立つ基数》ユウキ<br>ヒーローログ3",100
2000578,0,11,4,1,111000340,"《陽炎の傾聴》アリス<br>ヒーローログ1",50
2000579,0,11,3,1,111000340,"《陽炎の傾聴》アリス<br>ヒーローログ2",50
2000580,0,11,3,5,111000340,"《陽炎の傾聴》アリス<br>ヒーローログ3",100
2000581,0,1,4,1,101000430,"《受け止める軌跡》キリト<br>ヒーローログ1",50
2000582,0,1,3,1,101000430,"《受け止める軌跡》キリト<br>ヒーローログ2",50
2000583,0,1,3,5,101000430,"《受け止める軌跡》キリト<br>ヒーローログ3",100
2000584,0,2,4,1,102000580,"《見つめる軌跡》アスナ<br>ヒーローログ1",50
2000585,0,2,3,1,102000580,"《見つめる軌跡》アスナ<br>ヒーローログ2",50
2000586,0,2,3,5,102000580,"《見つめる軌跡》アスナ<br>ヒーローログ3",100
2000587,0,3,4,1,103000480,"《信じきる軌跡》リーファ<br>ヒーローログ1",50
2000588,0,3,3,1,103000480,"《信じきる軌跡》リーファ<br>ヒーローログ2",50
2000589,0,3,3,5,103000480,"《信じきる軌跡》リーファ<br>ヒーローログ3",100
2000590,0,4,4,1,104000520,"《向き合う軌跡》シノン<br>ヒーローログ1",50
2000591,0,4,3,1,104000520,"《向き合う軌跡》シノン<br>ヒーローログ2",50
2000592,0,4,3,5,104000520,"《向き合う軌跡》シノン<br>ヒーローログ3",100
2000593,0,9,4,1,109000430,"《確かめる軌跡》ユウキ<br>ヒーローログ1",50
2000594,0,9,3,1,109000430,"《確かめる軌跡》ユウキ<br>ヒーローログ2",50
2000595,0,9,3,5,109000430,"《確かめる軌跡》ユウキ<br>ヒーローログ3",100
2000596,0,11,4,1,111000350,"《思い返す軌跡》アリス<br>ヒーローログ1",50
2000597,0,11,3,1,111000350,"《思い返す軌跡》アリス<br>ヒーローログ2",50
2000598,0,11,3,5,111000350,"《思い返す軌跡》アリス<br>ヒーローログ3",100
2000599,0,4,4,1,104000530,"《天翔る女神》シノン<br>ヒーローログ1",50
2000600,0,4,3,1,104000530,"《天翔る女神》シノン<br>ヒーローログ2",50
2000601,0,4,3,5,104000530,"《天翔る女神》シノン<br>ヒーローログ3",100
2000602,0,4,4,1,104000540,"《厳格手ほどき》シノン<br>ヒーローログ1",50
2000603,0,4,3,1,104000540,"《厳格手ほどき》シノン<br>ヒーローログ2",50
2000604,0,4,3,5,104000540,"《厳格手ほどき》シノン<br>ヒーローログ3",100
2000605,0,5,4,1,105000380,"《ほどけぬ胸飾り》リズベット<br>ヒーローログ1",50
2000606,0,5,3,1,105000380,"《ほどけぬ胸飾り》リズベット<br>ヒーローログ2",50
2000607,0,5,3,5,105000380,"《ほどけぬ胸飾り》リズベット<br>ヒーローログ3",100
2000608,0,6,4,1,106000400,"《夢想の放課後》シリカ<br>ヒーローログ1",50
2000609,0,6,3,1,106000400,"《夢想の放課後》シリカ<br>ヒーローログ2",50
2000610,0,6,3,5,106000400,"《夢想の放課後》シリカ<br>ヒーローログ3",100
2000611,0,2,4,1,102000590,"《熊の招宴》アスナ<br>ヒーローログ1",50
2000612,0,2,3,1,102000590,"《熊の招宴》アスナ<br>ヒーローログ2",50
2000613,0,2,3,5,102000590,"《熊の招宴》アスナ<br>ヒーローログ3",100
2000614,0,11,4,1,111000360,"《兎の密会》アリス<br>ヒーローログ1",50
2000615,0,11,3,1,111000360,"《兎の密会》アリス<br>ヒーローログ2",50
2000616,0,11,3,5,111000360,"《兎の密会》アリス<br>ヒーローログ3",100
2000617,0,5,4,1,105000390,"《約束の花束》リズベット<br>ヒーローログ1",50
2000618,0,5,3,1,105000390,"《約束の花束》リズベット<br>ヒーローログ2",50
2000619,0,5,3,5,105000390,"《約束の花束》リズベット<br>ヒーローログ3",100
2000620,0,10,4,1,110000300,"《炯々たる瞳》アルゴ<br>ヒーローログ1",50
2000621,0,10,3,1,110000300,"《炯々たる瞳》アルゴ<br>ヒーローログ2",50
2000622,0,10,3,5,110000300,"《炯々たる瞳》アルゴ<br>ヒーローログ3",100
2000623,0,6,4,1,106000410,"《一杯の息抜き》シリカ<br>ヒーローログ1",50
2000624,0,6,3,1,106000410,"《一杯の息抜き》シリカ<br>ヒーローログ2",50
2000625,0,6,3,5,106000410,"《一杯の息抜き》シリカ<br>ヒーローログ3",100
2000626,0,3,4,1,103000490,"《零れる活力》リーファ<br>ヒーローログ1",50
2000627,0,3,3,1,103000490,"《零れる活力》リーファ<br>ヒーローログ2",50
2000628,0,3,3,5,103000490,"《零れる活力》リーファ<br>ヒーローログ3",100
2000629,0,9,4,1,109000440,"《瞬きの宙》ユウキ<br>ヒーローログ1",50
2000630,0,9,3,1,109000440,"《瞬きの宙》ユウキ<br>ヒーローログ2",50
2000631,0,9,3,5,109000440,"《瞬きの宙》ユウキ<br>ヒーローログ3",100
2000632,0,18,4,1,118000220,"《就床の一揖》レイン<br>ヒーローログ1",50
2000633,0,18,3,1,118000220,"《就床の一揖》レイン<br>ヒーローログ2",50
2000634,0,18,3,5,118000220,"《就床の一揖》レイン<br>ヒーローログ3",100
2000635,0,5,4,1,105000400,"《不屈の鍛冶屋魂》リズベット<br>ヒーローログ1",50
2000636,0,5,3,1,105000400,"《不屈の鍛冶屋魂》リズベット<br>ヒーローログ2",50
2000637,0,5,3,5,105000400,"《不屈の鍛冶屋魂》リズベット<br>ヒーローログ3",100
2000638,0,6,4,1,106000420,"《絆が生む力》シリカ<br>ヒーローログ1",50
2000639,0,6,3,1,106000420,"《絆が生む力》シリカ<br>ヒーローログ2",50
2000640,0,6,3,5,106000420,"《絆が生む力》シリカ<br>ヒーローログ3",100
2000641,0,1,4,1,101000440,"《頬張り黒猫》キリト<br>ヒーローログ1",50
2000642,0,1,3,1,101000440,"《頬張り黒猫》キリト<br>ヒーローログ2",50
2000643,0,1,3,5,101000440,"《頬張り黒猫》キリト<br>ヒーローログ3",100
2000644,0,2,4,1,102000600,"《身支度愛猫》アスナ<br>ヒーローログ1",50
2000645,0,2,3,1,102000600,"《身支度愛猫》アスナ<br>ヒーローログ2",50
2000646,0,2,3,5,102000600,"《身支度愛猫》アスナ<br>ヒーローログ3",100
2000647,0,3,4,1,103000500,"《養う英気》リーファ<br>ヒーローログ1",50
2000648,0,3,3,1,103000500,"《養う英気》リーファ<br>ヒーローログ2",50
2000649,0,3,3,5,103000500,"《養う英気》リーファ<br>ヒーローログ3",100
2000650,0,10,4,1,110000310,"《秘めたる日誌》アルゴ<br>ヒーローログ1",50
2000651,0,10,3,1,110000310,"《秘めたる日誌》アルゴ<br>ヒーローログ2",50
2000652,0,10,3,5,110000310,"《秘めたる日誌》アルゴ<br>ヒーローログ3",100
2000653,0,18,4,1,118000230,"《即席軽音楽団》レイン<br>ヒーローログ1",50
2000654,0,18,3,1,118000230,"《即席軽音楽団》レイン<br>ヒーローログ2",50
2000655,0,18,3,5,118000230,"《即席軽音楽団》レイン<br>ヒーローログ3",100
2000656,0,1,4,1,101000450,"《明日への一葉》キリト<br>ヒーローログ1",50
2000657,0,1,3,1,101000450,"《明日への一葉》キリト<br>ヒーローログ2",50
2000658,0,1,3,5,101000450,"《明日への一葉》キリト<br>ヒーローログ3",100
2000659,0,2,4,1,102000610,"《流露の一葉》アスナ<br>ヒーローログ1",50
2000660,0,2,3,1,102000610,"《流露の一葉》アスナ<br>ヒーローログ2",50
2000661,0,2,3,5,102000610,"《流露の一葉》アスナ<br>ヒーローログ3",100
2000662,0,3,4,1,103000510,"《篤実の一葉》リーファ<br>ヒーローログ1",50
2000663,0,3,3,1,103000510,"《篤実の一葉》リーファ<br>ヒーローログ2",50
2000664,0,3,3,5,103000510,"《篤実の一葉》リーファ<br>ヒーローログ3",100
2000665,0,4,4,1,104000550,"《有縁の一葉》シノン<br>ヒーローログ1",50
2000666,0,4,3,1,104000550,"《有縁の一葉》シノン<br>ヒーローログ2",50
2000667,0,4,3,5,104000550,"《有縁の一葉》シノン<br>ヒーローログ3",100
1990001,0,1,5,2,0,"VR空間って（3）",50
1990002,0,1,5,3,0,"釣りがしたくてさ（3）",50
1990003,0,1,5,4,0,"急な話なんだが（3）",50
1990004,0,2,5,4,0,"話ってなに？（3）",50
1990005,0,2,5,5,0,"あ～～んもうダメ……（3）",50
1990006,0,4,5,6,0,"ケットシーって…（3）",50
1990007,0,5,5,7,0,"誰か癒してくれェ…！（3）",50
1990008,0,7,5,8,0,"暇してっか～？（3）",50
1990009,0,3,5,5,6,"この後クエストどう？（4）",50
1990010,0,2,5,9,0,"やったぁ～！(3)",50
1990011,0,4,5,9,0,"教えて教えて！(3)",50
1990012,0,3,5,9,0,"か、勝てない…！(3)",50
1990013,0,1,5,10,0,"取引だヨ(3)",50
1990014,0,6,5,10,0,"情報を買うヨ(3)",50
1990015,0,2,5,10,0,"見てない！？(3)",50
1990016,0,1,5,11,0,"きちんとしなさい(3)",50
1990017,0,1,5,12,0,"さっきのは何？(3)",50
1990018,0,2,5,11,0,"ご教示願います(3)",50
1990019,0,8,5,12,0,"鍛えたいんだ(3)",50
1990020,0,11,5,12,0,"こちらの世界は(3)",50
1990021,0,1,5,18,0,"どうしよう…(3)",50
1990022,0,5,5,18,0,"鍛冶師集合！(4)",50
1990023,0,11,5,18,0,"特異な剣技(3)",50
