// EnemyKindId,EnemyCategoryId,Name,IconFilepath,WeakPhysicsAttr,WeakMagicAttr,WeakText,ResistText,FlavorText,CollectionDisplayStartDate,CollectionEmptyFrameDisplayFlag
15010000,8,"ファフニール","MONS_15010000",0,2,"水・土","火","巨大な飛竜。名称から≪ALO≫<br>由来の個体と推測される。突進<br>攻撃と口から吐き出す火球に注<br>意が必要。","2019/01/01",True
15010100,8,"ヴィゾーヴニル","MONS_15010100",0,5,"土・聖",,"≪ファフニール≫の同系統種。<br>やや小型だが攻撃力は高くなっ<br>ており、闇属性の攻撃を行う。<br>尾部が弱点。","2019/01/01",True
15010200,8,"クン・リンドルム","MONS_15010200",0,4,"土","火","≪竜王≫の名を冠し、同系統種<br>の中でも非常に強力な個体。火<br>球による飽和攻撃を行うため、<br>属性対策を強く推奨。","2019/01/01",True
15020000,6,"ヒルディスヴィーニ","MONS_15020000",0,2,"水","斬・突・土","巨大な拳で周囲を破壊する個<br>体。怒り状態に行う回転攻撃は<br>非常に危険なため、防御を行う<br>ことを推奨。","2019/01/01",True
15020100,6,"グリンブルスティ","MONS_15020100",0,6,"闇","斬・突・土","≪ヒルディスヴィー二≫の同系<br>統種と同定。土属性の強力な攻<br>撃を行うため属性対策を推奨。","2019/01/01",True
15020200,6,"アウドムラ","MONS_15020200",0,5,"聖","斬・突・火・土","同系統他種に比べ、各種能力が<br>高くなっている。耐久力が非常<br>に高く、斬・突攻撃への耐性も<br>持つため対策を強く推奨。","2019/01/01",True
15040000,6,"オーディン","MONS_15040000",0,6,"闇","聖","北欧神話最高神の名を冠する個<br>体。その名に違わず非常に危険<br>度が高い。聖属性攻撃への対策<br>を推奨。","2019/01/01",True
15040100,6,"ジークフリート","MONS_15040100",0,2,"水","火","北欧神話の著名な英雄の名を冠<br>する個体。その名に恥じぬ高い<br>攻撃力と豊富な技を併せ持つ。<br>行動の見極めが非常に重要。","2019/01/01",True
15040200,6,"ロキ","MONS_15040200",0,5,"聖",,"北欧神の名を冠する個体。状態<br>異常攻撃のほか、特定条件下で<br>は分身を生み出す。本体を見抜<br>き、集中的に狙うことを推奨。","2019/01/01",True
15040300,6,"フリュム","MONS_15040300",0,5,"聖",,"大きな鎌を持った死神の姿をも<br>つ個体。大鎌を使い遠近多様な<br>攻撃を行う。また、Mobを召喚<br>するという情報もある。","2019/01/01",True
15040400,6,"バルドル","MONS_15040400",0,6,"闇",,"北欧神の名を冠するため≪ALO<br>≫由来の個体と推測される。槍<br>による激しい攻撃が特徴。聖属<br>性への対策も推奨。","2019/01/01",True
15040500,6,"フルングニル","MONS_15040500",0,6,"闇",,"≪ドルグスラシル≫の同系統種<br>と同定。強力な混乱・封印の状<br>態異常攻撃を行ってくる一方、<br>同状態異常への耐性は低い。","2019/01/01",True
15040600,6,"ヴァーリ","MONS_15040600",0,5,"聖",,"≪バルドル≫と同系統種の個<br>体。闇属性への対策を推奨。<br>怒り状態となった後の痛烈な攻<br>撃には要注意。","2019/01/01",True
15040700,6,"ジークムント","MONS_15040700",0,2,"水",,"二対の腕と大斧。広い攻撃範囲<br>と高い攻撃力を持つ強力かつ危<br>険な個体。召喚したゴーレムとの<br>連携にも注意が必要。","2019/01/01",True
15040800,6,"ベオウルフ","MONS_15040800",0,6,"闇",,"神話の王の名を冠する個体。<br>四本の剣による広い攻撃範囲を<br>持つため、不要な接近は控える<br>ことを推奨する。","2019/01/01",True
15040900,6,"ドルグスラシル","MONS_15040900",0,5,"聖",,"異形の触手を携えた個体。近接<br>攻撃と魔法攻撃を状況に応じて<br>使い分ける。","2019/01/01",True
15041000,6,"ミーミル","MONS_15041000",0,5,"聖","火・水","北欧神話の巨人の名を持つ個<br>体。基本能力の向上に加え、召<br>喚するMobも非常に強力。迅速<br>な対処が必要。","2019/01/01",True
15041100,6,"ベルゲルミル","MONS_15041100",0,1,"火","水","その名から、≪ALO≫由来の個<br>体と推測される。範囲の広い攻<br>撃に注意が必要。火属性が弱点<br>のため、対策を推奨。","2019/01/01",True
15050000,3,"ヘル","MONS_15050000",3,0,"突・風・聖","斬・打・土","北欧神の名を冠する個体。同系<br>統他種に比べ、高い攻撃力と強<br>力な状態異常攻撃を持つ。特に<br>毒攻撃へは対策を強く推奨。","2019/01/01",True
15050100,6,"スカジ","MONS_15050100",0,2,"水","火","機械人形のような姿の個体。近<br>接打撃、巨大な矢の射撃等、多<br>様な攻撃方法があるため動きの<br>見極めが重要と考えられる。","2019/01/01",True
15050200,6,"ヤールンサクサ","MONS_15050200",0,2,"水","火・聖","女巨人の名を持つ≪スカジ≫同<br>系統種。一撃あたりの被ダメー<br>ジが大きいため、被弾を極力減<br>らすための立ち回りを推奨。","2019/01/01",True
15050300,3,"ランドクリーズ","MONS_15050300",3,0,"突・火・風・聖","斬・打・土","蜂と人を掛け合わされた姿の個<br>体。尾部による刺突には状態異<br>常効果がある為、堅実な観察と<br>確実な防御を推奨する。","2019/01/01",True
15050400,3,"ナンナ","MONS_15050400",3,0,"突・火・風","斬・打・土","≪ランドクリーズ≫の同系統種<br>と同定。毒攻撃が強力になって<br>おり非常に危険。","2019/01/01",True
15050500,6,"アウルボダ","MONS_15050500",0,1,"火","水","≪スカジ≫系統種。基本能力の<br>向上と共に危険度も上昇。封印<br>・混乱等の状態異常攻撃を行う<br>ため、注意が必要。","2019/01/01",True
15080000,5,"スィアチ","MONS_15080000",3,0,"突・火・風","土","巨大な蝙蝠を思わせる姿の個<br>体。翼を利用した攻撃や素早い<br>突進には注意が必要だが、攻撃<br>後には多少の隙ができる。","2019/01/01",True
15080100,5,"フレースヴェルグ","MONS_15080100",3,0,"突・風","土","北欧神話の巨人の名を持つ個<br>体。≪スィアチ≫と比べ、各種<br>能力の向上が見られ、闘争志向<br>がより強くなっている。","2019/01/01",True
15080200,5,"フィヨルズヴァルトニル","MONS_15080200",3,0,"突・風","水・土","≪スィアチ≫の同系統種と同<br>定。同系統他種と比して各種能<br>力が非常に高く、遠距離からの<br>攻撃を多用する傾向がある。","2019/01/01",True
15090000,8,"ヨルムンガンド","MONS_15090000",0,2,"水・土","火・風","三つの頭を持つ大蛇。突進攻撃<br>のほか、尾、ブレスによる攻撃<br>も行う。突進攻撃は非常に速度<br>が速いため注意が必要。","2019/01/01",True
15090100,8,"ニーズヘッグ","MONS_15090100",0,4,"土","火・風","≪ヨルムンガンド≫の同系統<br>種。頭部が弱点だが近接攻撃で<br>は届かない位置にあるため、倒<br>れさせてからの攻撃が有効。","2019/01/01",True
15100000,8,"グレンデル","MONS_15100000",0,1,"火・土","水・風","四足歩行の獣または竜と思われ<br>る個体。名称から≪ALO≫由来<br>と推測される。周囲は危険なた<br>め距離の見極めが重要となる。","2019/01/01",True
15100100,8,"ベルグリシ","MONS_15100100",0,2,"水・土","風","≪グレンデル≫系統種と同定。<br>土属性の攻撃を行うため、属性<br>対策を推奨する。頭部が弱点。","2019/01/01",True
15100200,8,"ファールバウティ","MONS_15100200",0,2,"水・土","火・風","北欧の古語で≪無情に打つもの<br>≫を意味する個体。その名の通<br>り巨体による打撃が強力。炎攻<br>撃も行う非常に危険な存在。","2019/01/01",True
15110000,8,"ラタトスク","MONS_15110000",0,1,"火・土・聖","水","四つ足の竜。突進およびブレス<br>による攻撃を主とする。突然行<br>われる突進に注意。","2019/01/01",True
15110100,8,"リンドブルム","MONS_15110100",0,2,"水・土・闇","火","≪ラタトスク≫の同系統種と同<br>定。火属性の強力なブレスを行<br>うため注意が必要。水属性が弱<br>点との情報がある。","2019/01/01",True
15140000,7,"チェルノボグ","MONS_15140000",0,5,"打・水・土・聖","火・風","髑髏が施された異形の戦車。時<br>折放たれる標的を狙った弾は状<br>態異常効果を持つため、退避を<br>強く推奨。","2019/01/01",True
15140100,7,"アバドーン","MONS_15140100",0,5,"打・火・土・聖","水・風","≪チェルノボグ≫同系統種。遠<br>距離攻撃・近接攻撃ともにダメ<br>ージが大きく向上した、大変危<br>険な存在。","2019/01/01",True
15150000,5,"ハティ","MONS_15150000",0,4,"火・土","風","猛獣に酷似した個体。素早い動<br>きと攻撃に加え、毒効果の付与<br>も行う。被弾が避けられない場<br>合に備え毒対策を推奨する。","2019/01/01",True
15150100,5,"スコル","MONS_15150100",0,2,"水・土","火・風","赤く燃えるような毛並みを持つ<br>獣の個体。≪ハティ≫とは異な<br>り火属性攻撃を行うため、属性<br>対策を推奨する。","2019/01/01",True
15170000,5,"ガングレト","MONS_15170000",3,0,"突・風","土","ヘルに従属する、巨大な怪鳥型<br>の個体。近接攻撃では弱点の頭<br>部に届かないため、地上に落と<br>すことを推奨。","2019/01/01",True
15170100,5,"ガングラティ","MONS_15170100",3,0,"突・風","土","ヘルに従属する、巨大な怪鳥型<br>の個体。遠距離からの強力な攻<br>撃に加え、自己回復も行う。注<br>意しつつも迅速な対応を推奨。","2019/01/01",True
15180000,5,"ジ・アンブレイカブル","MONS_15180000",0,4,"土・聖","水・風","亀に似た姿の個体。積極的な移<br>動は少ないが全方位に向けて激<br>しい攻撃を行う。防御力も非常<br>に高く長期戦への備えを推奨。","2019/01/01",True
15180100,5,"ゴッズツローン","MONS_15180100",0,4,"土・闇","水・風・聖","≪ジ・アンブレイカブル≫の同<br>系統種と同定。主だった特徴は<br>同様となるが、超弩級の身体か<br>ら繰り出す攻撃は大変危険。","2019/01/01",True
15200000,7,"カローン","MONS_15200000",0,5,"火・聖","斬・打・突","死神を模した姿を持つ個体。特<br>定条件において、炎攻撃を行う<br>ことが確認されている。","2019/01/01",True
15200100,7,"デス","MONS_15200100",0,5,"火・聖","斬・打・突","死を意味する名を持つ個体。危<br>険度は非常に高い。大威力の鎌<br>と召喚するファントムへの警戒<br>を怠らぬことを強く推奨。","2019/01/01",True
15212000,1,"ディアボロス","MONS_15212000",0,5,"水・聖",,"武装した魔人。両手の武器を用<br>いた格闘攻撃を行う。特定条件<br>下で鎧を外し、高速で攻撃を行<br>うようになるため注意が必要。","2019/01/01",True
15212100,1,"サタナキア","MONS_15212100",0,2,"水","火","≪ディアボロス≫同系統種。全<br>身に炎を纏った魔人。特殊なバ<br>リアを操るほか、体力損耗時に<br>鎧を装着するなど防御に特化。","2019/01/01",True
15220000,10,"パノプティコン","MONS_15220000",0,2,"水","火・聖","逆さにしたイースターエッグの<br>ような個体。周囲に現れる子機<br>を用い多種多様な攻撃を行う。","2019/01/01",True
15220100,10,"プロビデンス","MONS_15220100",0,5,"水・聖",,"≪パノプティコン≫同系統種。<br>闇属性の攻撃を多用する。非常<br>に高い物理防御力を持つため、<br>魔法での攻撃を推奨。","2019/01/01",True
15300000,2,"デトネイター・ザ・コボルドロード","MONS_15300000",0,2,"水・闇","火","≪SAO≫第一層ボス同系統種と<br>同定。行動パターンの一致性は<br>未確認だが強力かつ広範囲に及<br>ぶ攻撃は同様のため要注意。","2019/01/01",True
15301000,2,"イルファング・ザ・コボルドロード","MONS_15301000",0,2,"水・闇",,"≪SAO≫第一層ボスと同種の個<br>体。広範囲への強力な攻撃には<br>同系統種同様警戒を推奨する。","2019/01/01",True
15310000,7,"ホロウ・リーパー","MONS_15310000",0,5,"火・土・聖","突・風","≪スカルリーパー≫系統種。同<br>系統他種よりも腕の数が多く、<br>激しい攻撃を行う。一方で弱点<br>属性が多いので対策を推奨。","2019/01/01",True
15311000,7,"スカルリーパー","MONS_15311000",0,1,"火","突・風","≪SAO事件≫の報告書に記され<br>たものに酷似した個体。多数を<br>巻き込む強力な一撃を持つ非常<br>に危険な存在。","2019/01/01",True
15420000,4,"アメディスター・ザ・クイーン","MONS_15420000",0,1,"火・土","風","蠍と酷似した個体。広範囲に及<br>ぶ吐毒への警戒と対策を充分に<br>しての交戦を推奨する。","2019/01/01",True
15430000,4,"アントクイーン","MONS_15430000",0,1,"打・火・土","突・風","極大化した蟻。諸特徴から女王<br>蟻と推測される。働き蟻の召喚<br>と囲い込みに注意。","2019/01/01",True
15440000,4,"レイディアンスイーター","MONS_15440000",2,1,"打・火・土","風","巨大な蟻地獄を模した個体。地<br>面に潜伏することがあり、攻撃<br>を当てるのが難しい。流砂に足<br>をとられないよう注意が必要。","2019/01/01",True
15450000,4,"ラーヴァクリーパー","MONS_15450000",2,1,"打・火・土","風","蜘蛛型の巨大個体。蜘蛛の巣を<br>放ち相手の行動を封じる特性が<br>ある。手下を呼び出すため早め<br>の対処を推奨。","2019/01/01",True
15500000,2,"グリームアイズ","MONS_15500000",0,5,"斬・聖",,"過去≪SAO≫にて確認されてい<br>る非常に危険な個体。近距離・<br>遠距離ともに豊富な攻撃を行う<br>ため、常に警戒が必要。","2019/01/01",True
15501000,2,"ガストアイズ","MONS_15501000",0,5,"斬・聖",,"≪グリームアイズ≫亜種。風系<br>統の強力な攻撃を持つほか、こ<br>ちらを衰弱させる状態異常攻撃<br>や回復能力を持つ危険な相手。","2019/01/01",True
15510000,1,"スリュム","MONS_15510000",0,1,"斬・火・闇","水","常人の数倍はある巨躯をもつ個<br>体。近接、遠距離多様な攻撃方<br>法を持っているため、立ち回り<br>には細心の注意が必要。","2019/01/01",True
15520000,7,"カガチ・ザ・サムライロード","MONS_15520000",0,6,"闇",,"鎧に身を包んだ個体。左腕の蛇<br>による遠距離攻撃があり、遠近<br>共に警戒すべき相手。体力を損<br>耗すると二刀流に変化する。","2019/01/01",True
15521000,7,"ロン・ザ・ショーグングレイス","MONS_15521000",0,0,,"斬・打・突","≪カガチ・ザ・サムライ<br>ロード≫系統種。左腕の蛇が竜<br>に進化を遂げ、更なる火力を誇<br>る。カウンター攻撃に要警戒。","2019/01/01",True
15530000,5,"ゴッズペット","MONS_15530000",0,2,"水","火","非常に危険な≪GGO≫由来の個<br>体。不要な接近は避け、<br>レーザーの直撃を受けないよう<br>立ち回ることを推奨。","2019/01/01",True
15540000,10,"COPY DATA==4B9","MONS_15540000",0,0,,,"《ラフィン・コフィン》の一員<br>のコピーデータ。片手剣を用い<br>て戦う。その残忍さは健在であ<br>るため十分な警戒を推奨。","2019/01/01",True
15541000,10,"COPY DATA==F96","MONS_15541000",0,0,,,"《ラフィン・コフィン》の一員<br>のコピーデータ。細剣を用いて<br>戦う。純粋な戦闘力だけを見て<br>も危険な相手。","2019/01/01",True
15542000,10,"COPY DATA==444","MONS_15542000",0,0,,,"《ラフィン・コフィン》の一員<br>のコピーデータ。短剣を用いて<br>戦う。どんな卑劣な手を使おう<br>と標的の殺害を遂行する。","2019/01/01",True
15550000,6,"背教者ニコラス","MONS_15550000",0,1,"火","水","奇抜な服装に身を包んだ巨大<br>モンスター。斧だけでなく、袋<br>による殴打やプレゼントによる<br>トリッキーな攻撃も行う。","2019/01/01",True
15560000,10,"スピリット・ザ・グースロード","MONS_15560000",0,1,"火・土","水","≪SAO≫においては湖の主とし<br>て確認されているが、生息範囲<br>を海まで広げた模様。元は魚で<br>ある故か、火属性攻撃が苦手。","2019/01/01",True
15570000,10,"FA-R D-496型","MONS_15570000",0,2,"水","斬・打・突・火・風・土・聖・闇","暴走した防衛装置。搭載された<br>AIが状況にあわせ装備を組み替<br>える。装甲は堅いが、オーバー<br>ヒート時に大きな隙が出来る。","2019/01/01",True
15590000,7,"冥界王ハーデス","MONS_15590000",0,0,,,"弱点らしい弱点が無く、多様な<br>属性攻撃を使い分ける非常に危<br>険な相手。討伐は困難なため、<br>発見した際は迂回を推奨。","2019/01/01",True
10580000,10,"COPY DATA==H69","MONS_10000000",1,4,"斬・土","打・風","≪ALO事件≫において違法研究を<br>行っていた研究員のアバターの<br>コピーデータ。生理的嫌悪を感じ<br>させる見た目をしている。","2019/01/01",True
10590000,10,"EX200型ドローン","MONS_10590000",3,2,"突・水・風","土","FA-Rの統制下で掃討活動を行う<br>高性能防衛システムドローン。<br>戦闘AIを搭載しており単体での<br>活動も可能。","2019/01/01",True
15511000,1,"スルト","MONS_15511000",0,2,"水","火","神話の中で世界を焼き尽くすと<br>予言されている巨人。炎を多彩<br>に操るほか、燃え盛る身体を持<br>ち触れる者を負傷させる。","2020/02/26 7:00:00",True
15312000,7,"カースド・リーパー","MONS_15312000",0,4,"土",,"≪スカルリーパー≫系統種。身<br>体が非常に大きく、耐久力も高<br>い上、同系統種を召喚する危険<br>な相手。弱点の足が狙い目。","2020/06/23 7:00:00",True
15030000,10,"ラーン","MONS_15030000",0,1,"火・土","斬・打・突・水","高速で水面を移動し、仲間を<br>生み出しながら戦う海神。花弁<br>に守られた人型の本体が弱点の<br>ため回復時などの隙が狙い目。","2020/08/25 7:00:00",True
15160000,10,"フェアドレング","MONS_15160000",2,0,"打","斬・突","人々を抑制する特殊な精神体。<br>歩行せずテレポートにより移動<br>する。多数の腕から繰り出され<br>る多彩な攻撃に注意。","2020/11/03 7:00:00",True
15131000,3,"ベルゼブブ","MONS_15131000",0,3,"風","火・土","地獄を統べる巨大な蟲の王。<br>多くの蟲を指揮し、一斉に攻撃<br>してくる。補佐官たるMobを<br>召喚すると攻撃属性が変わる。","2021/01/12 7:00:00",True
15212200,1,"マモン","MONS_15212200",0,0,,,"人々の富と欲を纏った黄金の堕<br>天使。Mobを従えている間は<br>鎧で身を固めているが、鎧を脱<br>ぐと6属性の内どれかを纏う。","2021/03/09 7:00:00",True
15502000,7,"テラーアイズ","MONS_15502000",0,5,"斬・聖",,"≪グリームアイズ≫亜種。怨霊<br>の集合体であり、半透明の間は<br>受けた攻撃がすり抜ける厄介な<br>相手。憎悪の剣は非常に強力。","2021/05/11 7:00:00",True
10000000,1,"守護騎士","MONS_10000000",3,0,"打・突・闇","土","≪ALO≫初期のグランド・クエス<br>トに登場した個体と同定。その<br>戦闘力は脅威だが、記録と違い<br>無限に出現するわけではない。","2019/01/01",True
10000100,1,"重装守護騎士","MONS_10000100",3,0,"打・突・闇","土","≪守護騎士≫上級種。当該系統種<br>は危険度が高く、特にこの重装守<br>護騎士は危険な種である。","2019/01/01",True
10000200,1,"守護騎士・射手","MONS_10000200",3,0,"打・突・闇","土","遠方より攻撃を行う≪守護騎士≫<br>系統の個体。交戦する場合は絶え<br>ず移動を行うことを推奨する。","2019/01/01",True
10000300,1,"守護騎士・狙撃手","MONS_10000300",3,0,"打・突・闇","土","≪守護騎士・射手≫の上級種。高<br>威力の射撃攻撃は大変危険なため<br>早急に仕留めることを推奨する。","2019/01/01",True
10010000,8,"イビルグランサー","MONS_10010000",3,0,"突・風・聖","土","一つ目の小龍。さして脅威もなく<br>おそらくゲーム序盤のプレイヤー<br>へ向けた種と思われる。","2019/01/01",True
10010100,8,"フライングテイル","MONS_10010100",3,0,"突・火・風","土","遠距離から攻撃を行う種だが、近<br>づいた際の引?きには毒効果があ<br>るため遠近共に注意が必要。","2019/01/01",True
10010200,8,"ヴァイスグレア","MONS_10010200",3,0,"突・風・聖","土","主に遠距離攻撃を行う≪イビルグ<br>ランサー≫の変種。各種パラメー<br>タが強化されているため、軽率な<br>行為は禁物。","2019/01/01",True
10010300,8,"フーピー・ドラゴン","MONS_10010300",3,0,"突・風・聖","土","≪イビルグランサー≫最上級種。<br>能力の高さもさることながら、引<br>?きに封印効果があるため、細心<br>の注意を以て対応にあたること。","2019/01/01",True
10020000,8,"クアジット","MONS_10020000",3,0,"斬・突・火・風","打・土","ボールに羽根が生えたような形状<br>をした個体。好戦的だが弱く脅威<br>性は薄い。まれに風属性の遠距離<br>攻撃を行う個体が確認される。","2019/01/01",True
10020100,8,"ドゥアジット","MONS_10020100",3,0,"斬・突・水・風","打・火・土","≪クアジット≫上級種。同系統種<br>は浮遊状態のため、戦闘には慣れ<br>が必要と思われる。まれに火属性<br>攻撃を行う個体が確認される。","2019/01/01",True
10020200,8,"プチデビル","MONS_10020200",3,0,"斬・突・火・風","打・水・土","≪クアジット≫の変種と同定。距<br>離をとって攻撃を行うため他個体<br>と異なる戦術が必要。まれに水属<br>性攻撃を行う個体が確認される。","2019/01/01",True
10020300,8,"スフィアドラコ","MONS_10020300",3,0,"斬・突・風・聖","打・土","≪クアジット≫希少種。必ず仕留<br>めることを推奨。まれに闇属性の<br>遠距離攻撃を行う個体が確認され<br>る。","2019/01/01",True
10020400,8,"ボム・スフィア","MONS_10020400",3,0,"斬・突・水・風","打・火・土","標的に接近し自爆を行う極めて危<br>険な個体。発見次第処理するか、<br>爆発範囲外への避難を強く推奨。","2019/01/01",True
10030000,4,"シルキー","MONS_10030000",3,0,"突・火・風","土","妖精の一種の名を冠する個体。周<br>囲に毒を散布するため、接近には<br>細心の注意を以てあたること。","2019/01/01",True
10030100,4,"シルキー・ベイン","MONS_10030100",3,0,"突・火・風","土","≪シルキー≫の一種。混乱効果を<br>もつ鱗粉を散布するため、遠距離<br>よりの攻撃が望ましい。","2019/01/01",True
10030200,4,"イビル・レイス","MONS_10030200",3,0,"突・火・風","土","≪シルキー≫上級種。接近時の毒<br>散布に加え、風属性の遠距離攻撃<br>を有する危険な個体。","2019/01/01",True
10030300,4,"シルキー・ルーツ","MONS_10030300",3,0,"突・火・風","聖","≪シルキー≫最上級種にあたり、<br>封印効果をもつ鱗粉を放つ。まれ<br>に闇属性の遠距離攻撃を行うさら<br>に強力な個体が確認される。","2019/01/01",True
10030400,4,"レイス・オブ・オーメン","MONS_10030400",3,0,"突・火・風","土","特定の条件が整った時のみ現れる<br>個体。遭遇自体がまれなため情報<br>は乏しく、現在調査継続中。","2019/01/01",True
10040000,6,"キリング・ボット","MONS_10040000",3,0,"打・突・水・闇","土","近接特化型。この系統種は全て高<br>い攻撃力と守備力をもつため極め<br>て危険。下級種であっても油断は<br>禁物。","2019/01/01",True
10040100,6,"ブッチャー・ボット","MONS_10040100",3,0,"打・突・水・聖","土","こちらとの距離を空けて行動を行<br>う個体。攻撃時は強烈な突進を行<br>う。行動をよく見極めての対応を<br>推奨する。","2019/01/01",True
10040200,6,"グリーフ・ドール","MONS_10040200",3,0,"打・突・水・闇","土","≪キリング・ボット≫変種と同<br>定。各能力が大きく向上している<br>ためより危険な存在となってい<br>る。","2019/01/01",True
10040300,6,"カラミティ・ドール","MONS_10040300",3,0,"打・突・水・聖","土","≪キリング・ボット≫希少種。行<br>動パターンは≪ブッチャー・ボッ<br>ト≫と酷似するが、全能力が向上<br>しているため大変危険な存在。","2019/01/01",True
10040400,6,"ギロチン・メイデン","MONS_10040400",3,0,"打・突・聖","土","突出した戦闘能力を持つ個体。<br>攻撃力もさることながら、防御力<br>が極めて高いため正面からの力押<br>しは危険。","2021/09/21 7:00:00",True
10050000,2,"リザードマン","MONS_10050000",0,4,"土・闇","水","俗に爬虫人類とも呼ばれる系統<br>種。道具を用いることから人類同<br>様の知性をもつと推測されるが、<br>意志の疎通は不可能。","2019/01/01",True
10050100,2,"ハイアー・リザード","MONS_10050100",0,2,"水・土・闇","火","≪リザードマン≫上級種。異なる<br>体表以外の特筆事項はなし。","2019/01/01",True
10050200,2,"リザードフォーク","MONS_10050200",0,5,"土・聖","火・水","≪リザードマン≫上級種。遠距離<br>より闇属性の攻撃を行う場合があ<br>る。","2019/01/01",True
10050300,2,"ディノサウロイド","MONS_10050300",0,5,"土・聖","火・水","同系統種の中でも大変強力な個<br>体。優れた能力に加え自己への攻<br>撃バフを行うため、防御力を高め<br>てからの対応を推奨する。","2019/01/01",True
10050400,2,"ベイン・オーバーリザード","MONS_10050400",0,6,"闇","水","≪リザードマン≫の極めて珍しい<br>変種。混乱効果を持つブレスを行<br>うため、乱戦時は特に注意が必<br>要。","2019/01/01",True
10060000,7,"スケルトン","MONS_10060000",2,0,"打・火・聖","突","遺骸がなんらかの意思をもち動き<br>出したもの。見た目ほどの危険は<br>ないため、平時通りの対処で問題<br>ない。","2019/01/01",True
10060100,7,"カーズ・スカル","MONS_10060100",2,0,"打・火・聖","突","≪スケルトン≫の変種。基本能力<br>の向上に加え、行動パターンに若<br>干の変化が確認されている。","2019/01/01",True
10060200,7,"デス・トルーパー","MONS_10060200",2,0,"打・火・聖","突","自身へのバフを行う個体。基本能<br>力も高いため、持久戦に持ち込ま<br>れる前の処理を推奨する。","2019/01/01",True
10060300,7,"レヴェナント","MONS_10060300",2,0,"打・火・聖","突","≪スケルトン≫希少種。同系統種<br>内最強クラスと想定される。混乱<br>効果を持つ光を放つ他、自爆する<br>ため迅速な対応を強く推奨する。","2019/01/01",True
10060400,7,"スカルノイド","MONS_10060400",2,0,"打・水","突・火","髑髏を模したアンドロイド。槍と<br>銃によって遠近共に対応した行動<br>を行う。自爆を行うため迅速な対<br>応を強く推奨する。","2019/01/01",True
10060500,7,"スペクター","MONS_10060500",2,0,"打・聖","突","≪スケルトン≫希少種。闇属性の<br>魔法の他、多彩な攻撃を操る。<br>高い物理防御力を誇るが、弱点を<br>突ければ案外もろい。","2021/05/11 7:00:00",True
10070000,2,"コボルド","MONS_10070000",2,0,"打・水・闇","突","様々な場所で遭遇する可能性があ<br>る≪コボルド≫系統種の基本的な<br>個体。効率的に対処するには打撃<br>による攻撃を推奨。","2019/01/01",True
10070100,2,"チーフコボルド","MONS_10070100",2,0,"打・火・闇","突","≪コボルド≫変種。体表の色以外<br>に大きな違いは見当たらず。","2019/01/01",True
10070200,2,"コボルド・バトラー","MONS_10070200",2,0,"打・水・聖","突","≪コボルド≫亜種。攻撃時に周囲<br>への衝撃波を伴うため、背後に位<br>置する場合でも攻撃への注意が必<br>要。","2019/01/01",True
10070300,2,"コボルド・ワンダラー","MONS_10070300",2,0,"打・水・闇","突・火","攻撃時に炎を撒き散らす非常に危<br>険な存在。従来の≪コボルド≫と<br>は全く別の個体としての対応を強<br>く推奨。","2019/01/01",True
10080000,2,"オーク","MONS_10080000",1,0,"斬・闇","打","豚のような顔をした、≪オーク≫<br>系統種のもっとも基本的な種とさ<br>れる個体。まれに投擲を行う個体<br>が確認される。","2019/01/01",True
10080100,2,"オークダーティ","MONS_10080100",1,0,"斬・聖","打","≪オーク≫変種。体表色が異なり<br>基本能力も向上が見られる。まれ<br>に投擲を行う個体が確認される。","2019/01/01",True
10080200,2,"オークウォリアー","MONS_10080200",1,0,"斬・聖","打","知性が高く、近接攻撃と投擲を使<br>い分ける≪オーク≫上級種。まれ<br>に自身へバフを行うものが確認さ<br>れる。","2019/01/01",True
10080300,2,"オークフォルテ","MONS_10080300",1,0,"斬・闇","打","≪オーク≫希少種とされる。標的<br>より距離を空ける傾向が強く、平<br>時から自身へバフを行う。","2019/01/01",True
10080400,2,"ビッグフット","MONS_10080400",1,0,"斬・火・闇","打・水","寒冷地で確認されるモンスター。<br>≪オーク≫系統種だが、並外れた<br>巨体を持ち、攻撃力・耐久力共に<br>突出している。","2021/12/21 7:00:00",True
10090000,6,"ゴーレム","MONS_10090000",2,0,"打・水","斬・突","土や岩でできた自律式の人形。<br>斬・突攻撃への耐性が大変高いた<br>め、打撃または魔法での攻撃を推<br>奨する。","2019/01/01",True
10090100,6,"グレートゴーレム","MONS_10090100",2,0,"打・水","斬・突","遠距離より岩の投擲を行う個体。<br>打撃による接近戦を強く推奨。","2019/01/01",True
10090200,6,"コロッサス","MONS_10090200",2,0,"打・水","斬・突・火","≪ゴーレム≫系希少種と同定。範<br>囲攻撃や高速で突進を行うため、<br>危険度の高い個体。","2019/01/01",True
10090300,6,"フロストスタチュー","MONS_10090300",2,0,"打・火","斬・突・水","氷で構成された≪ゴーレム≫。火<br>属性による攻撃が非常に有効。ま<br>れに氷塊を投擲するものが確認さ<br>れる。","2019/01/01",True
10090400,6,"ホーリー・ロックドール","MONS_10090400",0,6,"打・闇","斬・突","聖なる力によって浄化を施された<br>≪ゴーレム≫。すべての能力が著<br>しく向上しており、まれに自己回<br>復を行う個体も確認される。","2019/01/01",True
10090500,6,"キャノンドール","MONS_10090500",2,0,"打・水","斬・突・火","機械部品によって強化を施された<br>≪ゴーレム≫。腕の大砲による砲<br>撃は大変危険度が高いため、迅速<br>な排除を強く推奨する。","2019/01/01",True
10091000,6,"ショコラ・ドール","MONS_10091000",2,0,"打・火","斬・突","チョコレートで作られた特別な<br>《ゴーレム》。恋する誰かの強い<br>想いで出来ており、討伐すると想<br>いが具現化されるとの噂がある。","2019/01/01",False
10100000,4,"スコーピオ","MONS_10100000",2,0,"打・水・土","突・火・風","蠍に酷似した巨大生物。毒を<br>持った尾部には注意が必要だが、<br>側面への反応が鈍い。","2019/01/01",True
10100100,4,"ブライトスティンガー","MONS_10100100",2,0,"打・火・土","突・風","≪スコーピオ≫変種。基本能力の<br>向上以上に尾部の攻撃に注意が必<br>要。毒のみならず封印、混乱効果<br>もあるため被弾は極力避けたい。","2019/01/01",True
10100200,4,"デス・ストーカー","MONS_10100200",2,0,"打・火・土","突・風","非常に危険な個体。基本能力も大<br>変高く、また他の種と異なり側面<br>への反応が素早いため、警戒を怠<br>らぬよう注意すべし。","2019/01/01",True
10100300,4,"ポイズンシューター","MONS_10100300",2,0,"打・水・土","突・火・風","≪スコーピオ≫を模した機械。遠<br>距離より銃撃を行う。接近時は尾<br>部の毒による攻撃に注意。","2019/01/01",True
10120000,3,"レッサーデーモン","MONS_10120000",3,0,"突・風・聖","土","悪魔を模したような姿の系統種。<br>知性が高く、接近と離脱を使い分<br>けた行動を行う。","2019/01/01",True
10120100,3,"デーモン","MONS_10120100",3,0,"突・風・聖","土","遠距離攻撃を行う個体。≪レッサ<br>ーデーモン≫よりも各能力も高い<br>ため、危険性が高い。","2019/01/01",True
10120200,3,"アークデーモン","MONS_10120200",3,0,"突・風・聖","土","≪デーモン≫系希少種。遠距離攻<br>撃はないが攻撃力が高く、封印効<br>果を持つため注意すること。","2019/01/01",True
10130000,5,"グリフォン","MONS_10130000",3,0,"突・風","土","複数の動物の特徴を有する獣。身<br>体が大きく耐久力が高いため、持<br>久戦になりやすい。","2019/01/01",True
10130100,5,"デュオグリフォン","MONS_10130100",3,0,"突・風","土","≪グリフォン≫が狂暴化したも<br>の。突進攻撃に対象への混乱効果<br>があるため、注意すること。","2019/01/01",True
10130200,5,"ダブルブラッド","MONS_10130200",3,0,"突・火・風","水・土","周囲に対して防御力のバフを行う<br>個体。可能な限り早く処理するこ<br>とを推奨する。","2019/01/01",True
10130300,5,"ブライトグリフォン","MONS_10130300",0,6,"突・闇","土","周囲に対して回復を行う個体。長<br>期戦回避のため、率先して処理す<br>ることを強く推奨する。","2019/01/01",True
10140000,3,"ハーピー","MONS_10140000",3,0,"突・火・風・闇","土","風属性の遠距離攻撃を行う、人と<br>鳥の間のような姿をした個体。","2019/01/01",True
10140100,3,"バイオレットフェザー","MONS_10140100",3,0,"突・風・聖","土","闇属性の遠距離攻撃を行う≪ハー<br>ピー≫上級種。攻撃には封印の状<br>態異常効果があるため注意。","2019/01/01",True
10140200,3,"ブレイズクイーン","MONS_10140200",3,0,"突・水・風","火・土","火属性の遠距離攻撃を行う個体。<br>大変狂暴かつ強力なため、火属性<br>に耐性のない編成で会敵すること<br>は極力避けることを推奨する。","2019/01/01",True
10140300,3,"サイレーン","MONS_10140300",3,0,"突・火・風","水・土","水属性の遠距離攻撃を行う個体。<br>外見的特徴では氷だが、<br>≪UNKNOWN≫内では水属性の<br>扱いとなる。","2019/01/01",True
10140400,3,"ザ・セイクリッドフェザー","MONS_10140400",0,6,"突・闇","土","聖属性の遠距離攻撃を行う個体。<br>また周囲に対して回復を行うた<br>め、率先して処理することを強く<br>推奨する。","2019/01/01",True
10150000,8,"ワイバーン","MONS_10150000",3,0,"突・風","土","飛竜と呼ばれる存在に酷似した系<br>統種。風属性のブレスを行う。突<br>然繰り出される突進にも注意が必<br>要。","2019/01/01",True
10150100,8,"ワイバーングロウル","MONS_10150100",3,0,"突・水・風","火","火属性のブレスを行う≪ワイバー<br>ン≫上級種。他系統種よりも遠距<br>離攻撃への偏りが確認されてい<br>る。","2019/01/01",True
10150200,8,"デモリッシュドレイク","MONS_10150200",3,0,"突・風・聖","土","闇属性のブレスを行う個体。他系<br>統種よりも交戦的で、攻撃が激し<br>いことが確認されている。","2019/01/01",True
10150300,8,"フロストドレイク","MONS_10150300",3,0,"突・火・風","水・土","水属性のブレスを行う個体。自身<br>への防御力バフを行うため、長期<br>戦への備えが必要と考えられる。","2019/01/01",True
10150400,8,"ワイバーン・ルナライト","MONS_10150400",0,6,"突・闇","土","聖属性のブレスを行う≪ワイバー<br>ン≫最上級種。同ブレスには強力<br>な混乱効果があるため極力避ける<br>ことを強く推奨する。","2019/01/01",True
10160000,4,"フライングサイズ","MONS_10160000",3,0,"突・火・風","土","昆虫類と爬虫類の特徴を併せ持っ<br>た外観を持つ系統種。この個体は<br>火属性ブレスを放つが自身も火属<br>性に弱いという特徴を持つ。","2019/01/01",True
10160100,4,"ブラッディサイズ","MONS_10160100",3,0,"突・水・風","火・土","≪フライングサイズ≫上級種。こ<br>ちらの個体は水属性に弱いため、<br>編成時の顧慮を推奨する。","2019/01/01",True
10160200,4,"デスサイズ","MONS_10160200",3,0,"突・火・風","水・土","≪フライングサイズ≫上級種。基<br>本能力が非常に高く、自身への防<br>御力バフも行う。またこの個体の<br>ブレスのみ水属性である。","2019/01/01",True
10180000,7,"ブルースライム","MONS_10180000",1,0,"斬・土","打・水・風","最序盤から会敵することになる≪<br>スライム≫系統種で最も脅威の小<br>さい個体。この系統種に属するも<br>のは打属性攻撃への耐性が高い。","2019/01/01",True
10180100,7,"ブラッドスライム","MONS_10180100",1,0,"斬・土","打・水・風","赤い≪スライム≫系統種。脅威は<br>変わらず小さいが、まれに毒効果<br>が表れるため注意が必要。","2019/01/01",True
10180200,7,"ハニースライム","MONS_10180200",1,0,"斬・土・闇","打・水・風","攻撃は行わないが非常に素早い個<br>体。得られるスキル経験値が大き<br>いため、確実に倒しておきたい個<br>体。","2019/01/01",True
10180300,7,"デモンブロブ","MONS_10180300",1,0,"斬・土","打・水・風","≪スライム≫変種。毒属性の遠距<br>離攻撃を行うため、離れていても<br>警戒を解かぬことを推奨する。","2019/01/01",True
10190000,4,"ミミック","MONS_10190000",0,4,"火・土","斬・打・突・風","宝箱に擬態し、近寄ってきた獲物<br>を襲う。毒、封印、混乱の状態異<br>常攻撃をもつため、宝箱を探ると<br>きも油断は禁物。","2019/01/01",True
10190100,4,"グリード","MONS_10190100",0,4,"水・土","斬・打・突・風","倒すと大量のフラグメントをドロ<br>ップする非常に貴重な個体。時間<br>経過で逃亡するため、最優先での<br>処理を強く推奨する。","2019/01/01",True
10190300,4,"ブラックボックス","MONS_10190300",0,4,"水・土","斬・打・突・風","圧縮データがカーディナルにより<br>モンスター化してしまったもの。<br>討伐すると本来のデータをドロッ<br>プするため、要回収。","2020/07/14 7:00:00",False
10230000,1,"ルーンナイト","MONS_10230000",2,0,"打・水・聖","突","人間に酷似した個体。対峙距離に<br>応じ行動を変化させる点から、高<br>い知性を持つものと推測される。","2019/01/01",True
10230100,1,"ホムンクルス","MONS_10230100",2,0,"打・水・闇","突","≪ルーンナイト≫上級種。強く警<br>戒すべき対象のひとつ。使用する<br>魔法が強化されている。","2019/01/01",True
10230200,1,"パイロナイト","MONS_10230200",2,0,"打・水・闇","突・火","≪ルーンナイト≫希少種。炎を撒<br>き散らして周囲を火の海に変える<br>危険な個体。頻繁に自身の防御力<br>にバフを行うため、守りも堅い。","2021/07/13 7:00:00",True
10240000,4,"スカイクリーパー","MONS_10240000",3,0,"突・火・風","土","巨大な昆虫。大変高い耐久力をも<br>つが、危険は少ない。","2019/01/01",True
10240100,4,"エア・ドレイク","MONS_10240100",3,0,"突・水・風","火・土","≪スカイクリーパー≫が狂暴化し<br>た個体。同系統種と比して激しい<br>攻撃と火属性の遠距離攻撃を行う<br>ため、非常に危険な存在。","2019/01/01",True
10250000,7,"ファントム","MONS_10250000",0,5,"火・聖","斬・打・突","亡霊に酷似した外見をした個体。<br>主に火属性の遠距離攻撃を行い、<br>接近時は鎌で切りつけを行う。","2019/01/01",True
10250100,7,"ワイト","MONS_10250100",0,5,"火・聖","斬・打・突","希少種。攻撃方法は近接のみとな<br>るが、毒、封印、混乱の効果を持<br>つ危険な存在。混戦時は特に優先<br>して処理することを推奨する。","2019/01/01",True
10250300,7,"ゴースト","MONS_10250300",0,1,"火","斬・打・突","≪ファントム≫の亜種。常時身体<br>が透けており、こちらの攻撃を<br>すり抜ける。攻撃時に実体化する<br>ため、そこを狙うことを推奨。","2021/05/11 7:00:00",True
10260000,5,"ホーンビースト","MONS_10260000",0,2,"水・土","火・風","角の生えた獅子のような外観の系<br>統種。攻撃力、耐久力共に高く危<br>険な存在。多彩な攻撃に注意。","2019/01/01",True
10260100,5,"モノケロス","MONS_10260100",0,2,"水・土","火・風","希少種。≪ホーンビースト≫を凌<br>駕する能力を持つため非常に危<br>険。細心の注意をもって対応にあ<br>たることを強く推奨する。","2019/01/01",True
10260200,5,"アクアロア","MONS_10260200",0,1,"火・土","水・風","氷を用いた攻撃を行う≪ホーンビ<br>ースト≫亜種。弱点である火属性<br>の攻撃を用い、迅速な処理を行う<br>ことを推奨する。","2019/01/01",True
10260300,5,"ホーリービースト","MONS_10260300",0,6,"闇","風","聖属性による攻撃を行う≪ホーン<br>ビースト≫亜種。自己回復を行う<br>ため他に比して耐久力が高い。闇<br>属性攻撃での対応を推奨する。","2019/01/01",True
10270000,10,"フーア","MONS_10270000",1,0,"斬・突・土","打・水","序盤に会敵することになる個体の<br>一種。斬、突属性に非常に弱いた<br>め危険性はほぼ皆無と推定。","2019/01/01",True
10270100,10,"ピアレイ","MONS_10270100",1,0,"斬・突・土","打・水","希少種。≪フーア≫同様危険性は<br>ほぼ皆無とされるが、水属性の遠<br>距離攻撃を行うことが確認され<br>る。","2019/01/01",True
10280000,1,"ブッカブー","MONS_10280000",0,5,"聖",,"小人のような系統種。個別の能力<br>は低いがこちらにデバフを行うた<br>め、混戦時には注意が必要。","2019/01/01",True
10280100,1,"ブッカドゥー","MONS_10280100",0,6,"闇",,"他モンスターの群れに紛れて現れ<br>周囲へ回復を行う煩わしい個体。<br>優先しての処理を推奨する。","2019/01/01",True
10280200,1,"レッドフード","MONS_10280200",0,5,"聖",,"赤い頭巾が特徴的な個体。周囲の<br>モンスターの攻撃力を大幅に上げ<br>るバフを行う。放置すると非常に<br>危険なので注意されたし。","2021/09/21 7:00:00",True
10500000,5,"フレンジー・ボア","MONS_10500000",0,4,"土","風","猪に酷似した個体。危険性は小さ<br>いが、突進攻撃には注意。土属性<br>攻撃での処理を推奨する。","2019/01/01",True
10500100,5,"フューリー・ボア","MONS_10500100",0,2,"水・土","火・風","≪ボア≫系の亜種と同定。砂漠地<br>域に出現する頻度が高く、火に対<br>する耐性を持つ。水属性や土属性<br>での攻撃を推奨。","2019/01/01",True
10500200,5,"ポーラー・ボア","MONS_10500200",0,1,"火・土","水・風","寒冷地に出現する。寒冷地に適し<br>た種としては小さいが、高い耐久<br>力を持つ。","2019/01/01",True
10500300,5,"セイクリッド・ボア","MONS_10500300",0,6,"闇","風","神聖な土地から受けた気を纏う<br>≪ボア≫系亜種。突進中はこちら<br>の攻撃を受けても怯まないため、<br>対処には注意が必要。","2019/01/01",True
10510000,9,"ガリッシュ・ガーベラ","MONS_10510000",1,0,"斬・火","突","人面に似た異容をもつ巨大な植<br>物。見た目ほどの危険性はない。<br>斬撃もしくは火属性攻撃が有効。","2019/01/01",True
10510100,9,"ヴェノム・プラント","MONS_10510100",1,0,"斬・火","突","邪悪な力で強化され、毒を纏った<br>個体。攻撃が毒効果を持つため注<br>意が必要。","2019/01/01",True
10530000,9,"マッシュピープル","MONS_10530000",1,0,"斬・火","打","菌糸類に手足が生えた系統種。混<br>乱効果のある胞子を散布すること<br>があるため注意が必要。","2019/01/01",True
10530100,9,"バッドトリップ","MONS_10530100",1,0,"斬・火","打","毒と混乱効果のある胞子を散布す<br>る煩わしい個体。戦況の悪化を招<br>く恐れがあるため、早めの対処を<br>推奨。","2019/01/01",True
10530200,9,"メディックマッシュルーム","MONS_10530200",1,0,"斬・火","打","胞子を散布し、周囲へ回復を行う<br>煩わしい個体。優先しての処理を<br>推奨する。","2019/01/01",True
10540000,4,"シザース","MONS_10540000",2,0,"打・土","突・水・風","蟹に酷似した姿をもつ個体。個々<br>の危険性は低いが耐久性が高く長<br>期戦になる恐れあり。この系統種<br>には打属性での攻撃を推奨する。","2019/01/01",True
10540100,4,"スパウター・シザース","MONS_10540100",2,0,"打・土","突・水・風","水属性の遠距離攻撃を行う個体。<br>接近しての打撃または土属性魔法<br>を推奨する。","2019/01/01",True
10540200,4,"ランドクローラー","MONS_10540200",2,0,"打・水・土","突・火・風","砂漠地域に出現する頻度の高い個<br>体。水属性の攻撃を推奨する。","2019/01/01",True
10540300,4,"バッファークラブ","MONS_10540300",2,0,"打・火・土","突・水・風","自身の防御力へのバフを行う個<br>体。弱点である打、火、土属性で<br>の攻撃を強く推奨する。","2019/01/01",True
10550000,4,"ダイノアント","MONS_10550000",2,0,"打・火・土","突・風","≪UNKNOWN≫任務遂行の予行に<br>適した、極めて危険性の低い個<br>体。群れを成していることが多<br>く、囲まれないよう注意が必要。","2019/01/01",True
10560100,4,"ソルジャーダイノアント","MONS_10560100",2,0,"打・火・土","突・風","≪ダイノアント≫上級種だが、危<br>険性は同様に低い。打撃や火属<br>性、土属性攻撃など弱点が多い。","2019/01/01",True
32900,10,"宝箱","MONS_32900",0,0,,,"未設定","2030/01/01",False
