// SkillId,WeaponTypeId,Name,Attack,Passive,Pet,Level,SkillCondition,CoolTime,SwordColorR,SwordColorG,SwordColorB,MotionIndex,State,SubState,SkillIcon,FriendSkillIcon,InfoText
1001,1,"シャープネイル",True,False,False,1,0,3,0.2,0.8,1,1,"SwordSkill.01",,"skillicon_01_03","FS_skillicon_01_03","前方へ踏み込みつつ、<br>素早く剣を薙ぐ3連撃。"
1002,1,"レイジスパイク",True,False,False,1,0,3,0.2,0.8,1,2,"SwordSkill.02",,"skillicon_01_02","FS_skillicon_01_02","剣に力を込めつつ、<br>勢いよく突進し突きを繰り出す。"
1003,1,"ホリゾンタル・スクエア",True,False,False,2,0,6,0.2,0.8,1,3,"SwordSkill.03",,"skillicon_01_01","FS_skillicon_01_01","標的周辺の敵を巻き込みつつ、<br>正方形を描くように移動して<br>斬りつける。"
1005,1,"ノヴァ・アセンション",True,False,False,5,0,90,0.2,0.8,1,5,"SwordSkill.05",,"skillicon_01_03","FS_skillicon_01_03","片手剣最高のスキルの一種。<br>激しい斬り返しの末、<br>とどめの一突きを放つ10連撃。"
1006,1,"マザーズ・ロザリオ",True,False,False,5,0,90,0.2,0.8,1,6,"SwordSkill.06",,"skillicon_01_03","FS_skillicon_01_03","十字を描くような刺突の後、<br>中心部に強烈な一撃を見舞う<br>11連撃。"
1009,1,"スラント",True,False,False,1,0,3,0.2,0.8,1,9,"SwordSkill.09",,"skillicon_01_06","FS_skillicon_01_06","片手剣の基本的なスキルの一種。<br>対象に袈裟懸けに斬りつける。"
1011,1,"バーチカル・スクエア",True,False,False,2,0,6,0.2,0.8,1,11,"SwordSkill.11",,"skillicon_01_03","FS_skillicon_01_03","その場で正方形を描くように<br>素早く4回斬りつける。"
1012,1,"スピニングシールド",True,False,False,2,0,6,0.2,0.8,1,12,"SwordSkill.12",,"skillicon_01_06","FS_skillicon_01_06","剣を体の前で高速回転させ、<br>あらゆる攻撃を無効化する<br>盾とする。"
1013,1,"ライトニング・フォール",True,False,False,3,0,10,0.2,0.8,1,13,"SwordSkill.13",,"skillicon_01_33","FS_skillicon_01_33","跳躍後、剣を地面へ突き立て、<br>相手を麻痺させる電撃を伴った<br>衝撃波を放つ。"
1014,1,"ヴォーパル・ストライク",True,False,False,3,0,10,0.2,0.8,1,14,"SwordSkill.14",,"skillicon_01_06","FS_skillicon_01_06","渾身の力を込め、<br>強烈な突きの一撃を繰り出す。"
1015,1,"デッドリー・シンズ",True,False,False,3,0,10,0.2,0.8,1,15,"SwordSkill.15",,"skillicon_01_03","FS_skillicon_01_03","かろやかな動きの7連撃。<br>敵の攻撃を無効化するため、<br>攻撃中はダメージを受けない。"
1016,1,"ハウリング・オクターブ",True,False,False,4,0,60,0.2,0.8,1,16,"SwordSkill.16",,"skillicon_01_03","FS_skillicon_01_03","音速の連続突きと連続斬撃を行う<br>強力な8連撃。"
1017,1,"グリント・ショット",True,False,False,1,0,2,0.2,0.8,1,17,"SwordSkill.17",,"skillicon_01_07","FS_skillicon_01_07","拳銃を用いたスキル。<br>片手で銃を構え1発撃ち出す。<br>※拳銃による射撃は突攻撃となる"
1018,1,"ダブルサーキュラー",True,False,False,2,0,10,0.2,0.8,1,18,"SwordSkill.18",,"skillicon_01_08","FS_skillicon_01_08","突進しながら拳銃で撃ったのち、<br>一方の手に構えた剣で<br>斬撃を繰り出す。<br>※拳銃による射撃は突攻撃となる"
1019,1,"ハウリング・オクターブ",True,False,False,4,0,60,0.2,0.8,1,19,"SwordSkill.19",,"skillicon_01_22","FS_skillicon_01_22","音速の連続突きと連続斬撃を行う<br>強力な火属性8連撃。"
1020,1,"ビッグウェーブ・オクターブ",True,False,False,4,0,60,0.2,0.8,1,20,"SwordSkill.20",,"skillicon_01_34","FS_skillicon_01_34","果て無き海に思いをはせて<br>音速の連続突きと連続斬撃を行う<br>強力な水属性8連撃。"
1021,1,"ビーチ・スマッシュ",True,False,False,1,0,3,0.2,0.8,1,21,"SwordSkill.21",,"skillicon_01_07","FS_skillicon_01_07","ビーチボールを取り出し、正面へ<br>思い切りスマッシュを決める。<br>敵を大きく吹き飛ばす。"
1022,1,"ノヴァ・アセンション",True,False,False,5,0,90,0.2,0.8,1,5,"SwordSkill.05",,"skillicon_01_03","FS_skillicon_01_03","片手剣最高のスキルの一種。<br>激しい斬り返しの末、<br>とどめの一突きを放つ10連撃。"
1023,1,"フリーズ・ウェイブ",True,False,False,4,0,60,0.2,0.8,1,23,"SwordSkill.23",,"skillicon_01_44","FS_skillicon_01_44","《青薔薇の剣》の武装完全支配<br>術。前方を広範囲に渡って氷漬け<br>にする水属性攻撃。<br>敵を氷咲状態にすることがある。"
1024,1,"ブルーム・リストレイント",True,False,False,5,0,90,0.2,0.8,1,24,"SwordSkill.24",,"skillicon_01_44","FS_skillicon_01_44","《青薔薇の剣》の記憶解放術。<br>自身の周囲の敵を、水属性の<br>大規模な氷塊で攻撃する。<br>敵を氷咲状態にすることがある。"
1025,1,"ソニック・リープ",True,False,False,2,0,6,0.2,0.8,1,25,"SwordSkill.25",,"skillicon_01_02","FS_skillicon_01_02","地面を強く蹴り、猛烈な勢いで<br>突進しながら強力な突きを<br>繰り出す。"
1026,1,"バーチカル・アーク",True,False,False,1,0,3,0.2,0.8,1,26,"SwordSkill.26",,"skillicon_01_03","FS_skillicon_01_03","袈裟懸けに斬りつけた後、勢い<br>よく斬り上げるV字の2連撃。"
1027,1,"嵐花裂天",True,False,False,4,0,60,1,1,0,27,"SwordSkill.27",,"skillicon_01_45","FS_skillicon_01_45","《金木犀の剣》の武装完全支配<br>術。自身の周囲に金木犀の嵐を<br>吹き荒れさせ、近寄る敵全てを<br>斬り刻む。"
1028,1,"散花流転",True,False,False,5,0,90,1,1,0,28,"SwordSkill.28",,"skillicon_01_46","FS_skillicon_01_46","《金木犀の剣》の記憶解放術。<br>金木犀の花弁を前方へ旋らせ、<br>あらゆるものをなぎ倒す強力な<br>範囲攻撃。"
1029,1,"輪渦",True,False,False,1,0,3,0.2,0.8,1,29,"SwordSkill.29",,"skillicon_01_01","FS_skillicon_01_01","セルルト流秘奥義。<br>高速回転し、全方向の敵を<br>同時に攻撃する。"
1030,1,"天山烈波",True,False,False,3,0,10,0.2,0.8,1,30,"SwordSkill.30",,"skillicon_01_06","FS_skillicon_01_06","ハイ・ノルキア流秘奥義。<br>渾身の力を込めた強力な一太刀。"
1031,1,"蒼風斬",True,False,False,1,0,3,0.2,0.8,1,9,"SwordSkill.09",,"skillicon_01_06","FS_skillicon_01_06","ザッカライト流秘奥義。<br>対象を袈裟懸けに斬りつける。"
1032,1,"雷閃斬",True,False,False,2,0,6,0.2,0.8,1,32,"SwordSkill.32",,"skillicon_01_06","FS_skillicon_01_06","ノルキア流秘奥義。<br>対象を上から一刀両断する。"
1033,1,"逆浪",True,False,False,2,0,6,0.2,0.8,1,33,"SwordSkill.33",,"skillicon_01_01","FS_skillicon_01_01","バルティオ流秘奥義。<br>振り返りざまに、広範囲を薙ぎ<br>払う。"
1034,1,"穿花通貫",True,False,False,3,0,12,1,1,0,34,"SwordSkill.34",,"skillicon_01_46","FS_skillicon_01_46","《金木犀の剣》の武装完全支配<br>術。前方へ花弁を飛ばし、強力な<br>一撃を見舞う。"
1035,1,"旋花砕厳",True,False,False,3,0,12,1,1,0,35,"SwordSkill.35",,"skillicon_01_47","FS_skillicon_01_47","《金木犀の剣》の武装完全支配<br>術。金木犀の花弁をその身に纏い<br>強力な突進と共に敵を斬り刻む。"
1036,1,"護廻",True,False,False,2,0,10,1,1,0,36,"SwordSkill.36",,"skillicon_01_45","FS_skillicon_01_45","《金木犀の剣》の武装完全支配<br>術。剣から変じた花弁を自身の<br>周囲に旋らせ、近寄る敵を攻撃<br>するベールを一定時間纏う。"
1037,1,"アブゾーブ・ソルスグレイス",True,False,False,4,0,60,0.2,0.8,1,37,"SwordSkill.37",,"skillicon_01_48","FS_skillicon_01_48","《夜空の剣》の武装完全支配術。<br>全ての光を吸収して育つ、強力な<br>波動を前方へ放つ闇属性攻撃。"
1038,1,"ホリゾンタル",True,False,False,1,0,3,0.2,0.8,1,38,"SwordSkill.38",,"skillicon_01_01","FS_skillicon_01_01","剣を素早く横薙ぎに払い<br>前方広範囲の敵を攻撃する。"
1039,1,"バーチカル",True,False,False,2,0,6,0.2,0.8,1,32,"SwordSkill.32",,"skillicon_01_06","FS_skillicon_01_06","対象を上から一刀両断する<br>重い一太刀。"
1040,1,"散花流転",True,False,False,5,0,90,1,1,0,28,"SwordSkill.28",,"skillicon_01_46","FS_skillicon_01_46","《金木犀の剣》の記憶解放術。<br>金木犀の花弁を前方へ旋らせ、<br>あらゆるものをなぎ倒す強力な<br>範囲攻撃。"
1041,1,"マザーズ・ロザリオ",True,False,False,5,0,90,0.2,0.8,1,6,"SwordSkill.06",,"skillicon_01_03","FS_skillicon_01_03","十字を描くような刺突の後、<br>中心部に強烈な一撃を見舞う<br>11連撃。"
1042,1,"飛逐通花",True,False,False,1,0,4,1,1,0,39,"SwordSkill.39",,"skillicon_01_61","FS_skillicon_01_61","《金木犀の剣》の武装完全支配<br>術。敵に追尾するよう花弁を操り<br>勢いのまま敵を貫通して<br>周囲にもダメージを与える。"
1043,1,"グリーム・グングニル",True,False,False,5,0,90,1,0,0,40,"SwordSkill.40",,"skillicon_01_06","FS_skillicon_01_06","意志の力で巨大な光の槍を<br>生み出し、前方へ突き出す<br>強力な突攻撃。"
1044,1,"散花流転",True,False,False,5,0,90,1,1,0,28,"SwordSkill.28",,"skillicon_01_46","FS_skillicon_01_46","《金木犀の剣》の記憶解放術。<br>金木犀の花弁を前方へ旋らせ、<br>あらゆるものをなぎ倒す強力な<br>範囲攻撃。"
1045,1,"リップル・スラッシュ",True,False,False,3,0,10,0,0.2,0.8,41,"SwordSkill.41",,"skillicon_01_02","FS_skillicon_01_02","前進しながら連続で斬撃する<br>突進攻撃。ステップやガードを<br>押下しながら放つことで、<br>移動距離を調整できる。"
1046,1,"サラウンド・スレイヤー",True,False,False,3,0,10,0,1,0,42,"SwordSkill.42",,"skillicon_01_08","FS_skillicon_01_08","円弧の軌道を描き素早く剣を<br>振りぬき、複数の斬撃波を<br>前方へ放つ。"
1047,1,"リペル・シュート",True,False,False,3,0,10,0,0.2,0.8,43,"SwordSkill.43",,"skillicon_01_08","FS_skillicon_01_08","右手の剣で攻撃を弾き飛ばしつつ<br>前進し、左手で銃弾を複数放つ。<br>前進中は無敵になる。<br>※拳銃による射撃は突攻撃となる"
1048,1,"スライス・ディスタンス",True,False,False,3,0,10,0,0.2,0.8,44,"SwordSkill.44",,"skillicon_01_07","FS_skillicon_01_07","前方を全力で素早く切り裂き、<br>強烈な衝撃波を放つ。"
1049,1,"ノヴァ・アセンション",True,False,False,5,0,90,0.2,0.8,1,5,"SwordSkill.05",,"skillicon_01_03","FS_skillicon_01_03","片手剣最高のスキルの一種。<br>激しい斬り返しの末、<br>とどめの一突きを放つ10連撃。"
1050,1,"散花流転",True,False,False,5,0,90,1,1,0,28,"SwordSkill.28",,"skillicon_01_46","FS_skillicon_01_46","《金木犀の剣》の記憶解放術。<br>金木犀の花弁を前方へ旋らせ、<br>あらゆるものをなぎ倒す強力な<br>範囲攻撃。"
1051,1,"グレイシエイト・ドロップ",True,False,False,3,0,10,0,0.2,0.8,45,"SwordSkill.45",,"skillicon_01_44","FS_skillicon_01_44","跳躍し、地面に剣を突き立てる。<br>その勢いで氷の蔓を広範囲に<br>伸ばす水属性範囲攻撃。<br>敵を氷咲状態にすることがある。"
1052,1,"連飛通花",True,False,False,2,0,6,1,1,0,46,"SwordSkill.46",,"skillicon_01_71","FS_skillicon_01_71","《金木犀の剣》の武装完全支配<br>術。敵を追尾する花弁を複数回に<br>分けて飛ばし、敵を貫通して<br>周囲にもダメージを与える。"
1053,1,"ノヴァ・アセンション",True,False,False,5,0,90,0.2,0.8,1,5,"SwordSkill.05",,"skillicon_01_03","FS_skillicon_01_03","片手剣最高のスキルの一種。<br>激しい斬り返しの末、<br>とどめの一突きを放つ10連撃。"
1054,1,"マザーズ・ロザリオ",True,False,False,5,0,90,0.2,0.8,1,6,"SwordSkill.06",,"skillicon_01_03","FS_skillicon_01_03","十字を描くような刺突の後、<br>中心部に強烈な一撃を見舞う<br>11連撃。"
1055,1,"ヴォーパル・ストライク",True,False,False,3,0,10,0.2,0.8,1,47,"SwordSkill.47",,"skillicon_01_06","FS_skillicon_01_06","渾身の力を込め、<br>強烈な突きの一撃を繰り出す。"
1056,1,"ヴォーパル・ストライク",True,False,False,3,0,10,0.2,0.8,1,48,"SwordSkill.48",,"skillicon_01_06","FS_skillicon_01_06","渾身の力を込め、<br>強烈な突きの一撃を繰り出す。"
1057,1,"ヴォーパル・ストライク",True,False,False,3,0,10,0.2,0.8,1,49,"SwordSkill.49",,"skillicon_01_06","FS_skillicon_01_06","渾身の力を込め、<br>強烈な突きの一撃を繰り出す。"
1058,1,"ヴォーパル・ストライク",True,False,False,3,0,10,0.2,0.8,1,50,"SwordSkill.50",,"skillicon_01_06","FS_skillicon_01_06","渾身の力を込め、<br>強烈な突きの一撃を繰り出す。"
1059,1,"ハウリング・オクターブ",True,False,False,4,0,60,0.2,0.8,1,16,"SwordSkill.16",,"skillicon_01_03","FS_skillicon_01_03","音速の連続突きと連続斬撃を行う<br>強力な8連撃。"
1060,1,"マザーズ・ロザリオ",True,False,False,5,0,90,0.2,0.8,1,6,"SwordSkill.06",,"skillicon_01_03","FS_skillicon_01_03","十字を描くような刺突の後、<br>中心部に強烈な一撃を見舞う<br>11連撃。"
1061,1,"嵐花裂天",True,False,False,4,0,60,1,1,0,27,"SwordSkill.27",,"skillicon_01_45","FS_skillicon_01_45","《金木犀の剣》の武装完全支配<br>術。自身の周囲に金木犀の嵐を<br>吹き荒れさせ、近寄る敵全てを<br>斬り刻む。"
1062,1,"散花流転",True,False,False,5,0,90,1,1,0,28,"SwordSkill.28",,"skillicon_01_46","FS_skillicon_01_46","《金木犀の剣》の記憶解放術。<br>金木犀の花弁を前方へ旋らせ、<br>あらゆるものをなぎ倒す強力な<br>範囲攻撃。"
1063,1,"マザーズ・ロザリオ",True,False,False,5,0,90,0.2,0.8,1,6,"SwordSkill.06",,"skillicon_01_03","FS_skillicon_01_03","十字を描くような刺突の後、<br>中心部に強烈な一撃を見舞う<br>11連撃。"
1064,1,"グレネード",True,False,False,2,0,6,1,1,0,51,"SwordSkill.51",,"skillicon_01_42","FS_skillicon_01_42","前方へグレネードを投擲する<br>高威力な範囲攻撃。ガードを<br>押しながら発動すると<br>より近くに投擲する。"
1065,1,"嵐花裂天",True,False,False,4,0,60,1,1,0,27,"SwordSkill.27",,"skillicon_01_45","FS_skillicon_01_45","《金木犀の剣》の武装完全支配<br>術。自身の周囲に金木犀の嵐を<br>吹き荒れさせ、近寄る敵全てを<br>斬り刻む。"
1066,1,"散花流転",True,False,False,5,0,90,1,1,0,28,"SwordSkill.28",,"skillicon_01_46","FS_skillicon_01_46","《金木犀の剣》の記憶解放術。<br>金木犀の花弁を前方へ旋らせ、<br>あらゆるものをなぎ倒す強力な<br>範囲攻撃。"
1067,1,"ハウリング・オクターブ",True,False,False,4,0,60,0.2,0.8,1,16,"SwordSkill.16",,"skillicon_01_03","FS_skillicon_01_03","音速の連続突きと連続斬撃を行う<br>強力な8連撃。"
1068,1,"マザーズ・ロザリオ",True,False,False,5,0,90,0.2,0.8,1,6,"SwordSkill.06",,"skillicon_01_03","FS_skillicon_01_03","十字を描くような刺突の後、<br>中心部に強烈な一撃を見舞う<br>11連撃。"
1069,1,"ノヴァ・アセンション",True,False,False,3,0,90,0.2,0.8,1,5,"SwordSkill.05",,"skillicon_01_92","FS_skillicon_01_92","片手剣最高のスキルの一種。<br>激しい斬り返しの末、<br>とどめの一突きを放つ10連撃。"
1070,1,"マザーズ・ロザリオ",True,False,False,3,0,90,0.2,0.8,1,6,"SwordSkill.06",,"skillicon_01_92","FS_skillicon_01_92","十字を描くような刺突の後、<br>中心部に強烈な一撃を見舞う<br>11連撃。"
1071,1,"散花流転",True,False,False,3,0,90,1,1,0,28,"SwordSkill.28",,"skillicon_01_92","FS_skillicon_01_92","《金木犀の剣》の記憶解放術。<br>金木犀の花弁を前方へ旋らせ、<br>あらゆるものをなぎ倒す強力な<br>範囲攻撃。"
2001,2,"ゲイル・スライサー",True,False,False,2,0,6,0,0.2,0.8,1,"SwordSkill.01",,"skillicon_01_02","FS_skillicon_01_02","両手の剣を振り払いつつ、<br>突進して敵を押し込む。"
2002,2,"エンド・リボルバー",True,False,False,1,0,3,0,0.2,0.8,2,"SwordSkill.02",,"skillicon_01_01","FS_skillicon_01_01","両手の剣を広げ、<br>その場で高速回転する。<br>攻撃範囲内の敵全てに<br>ダメージを与える。"
2004,2,"スターバースト・ストリーム",True,False,False,4,0,60,0,0.2,0.8,4,"SwordSkill.04",,"skillicon_01_03","FS_skillicon_01_03","両手の剣を高速で振るい、<br>斬撃と刺突を織り交ぜた<br>16連撃を繰り出す剣技。"
2005,2,"ジ・イクリプス",True,False,False,5,0,90,0,0.2,0.8,5,"SwordSkill.05",,"skillicon_01_03","FS_skillicon_01_03","二刀流最高のスキルの一種。<br>間合いを詰め、<br>超高速で斬撃と刺突の<br>27連撃を繰り出す絶技。"
2010,2,"ダブルサーキュラー",True,False,False,1,0,3,0,0.2,0.8,10,"SwordSkill.10",,"skillicon_01_06","FS_skillicon_01_06","二本の剣で薙ぎ払う、<br>ニ段構えの攻撃。"
2011,2,"スネークバイト",True,False,False,1,0,3,0,0.2,0.8,11,"SwordSkill.11",,"skillicon_01_03","FS_skillicon_01_03","右手の剣で繰り出す2連撃。<br>素早く水平に連続で振るう。"
2012,2,"スピニングシールド",True,False,False,2,0,6,0,0.2,0.8,12,"SwordSkill.12",,"skillicon_01_06","FS_skillicon_01_06","剣を体の前で高速回転させ、<br>あらゆる攻撃を無効化する<br>盾とする。"
2013,2,"サベージ・フルクラム",True,False,False,2,0,6,0,0.2,0.8,13,"SwordSkill.13",,"skillicon_01_03","FS_skillicon_01_03","左手の剣のみで行う、<br>敵を切り裂く重3連撃。"
2014,2,"ナイトメア・レイン",True,False,False,3,0,10,0,0.2,0.8,14,"SwordSkill.14",,"skillicon_01_03","FS_skillicon_01_03","二刀流多連撃技。<br>刺突の直後に斬撃を浴びせる、<br>高速な8連撃。"
2015,2,"ヴォーパル・ストライク",True,False,False,3,0,10,0,0.2,0.8,15,"SwordSkill.15",,"skillicon_01_06","FS_skillicon_01_06","渾身の力を込め、<br>強烈な突きの一撃を繰り出す。"
2016,2,"ライトニング・フォール",True,False,False,3,0,10,0,0.2,0.8,16,"SwordSkill.16",,"skillicon_01_33","FS_skillicon_01_33","跳躍後、剣を地面へ突き立て、<br>相手を麻痺させる電撃を伴った<br>衝撃波を放つ。"
2017,2,"サベージ・フルクラム",True,False,False,2,0,6,0,0.2,0.8,17,"SwordSkill.17",,"skillicon_01_34","FS_skillicon_01_34","左手の剣のみで行う、<br>敵を切り裂く水属性の重3連撃。"
2018,2,"護廻",True,False,False,2,0,10,1,1,0,18,"SwordSkill.18",,"skillicon_01_45","FS_skillicon_01_45","《金木犀の剣》の武装完全支配<br>術。剣から変じた花弁を自身の<br>周囲に旋らせ、近寄る敵を攻撃<br>するベールを一定時間纏う。"
2019,2,"フラッシング・ペネトレイター",True,False,False,5,8,90,0,0.2,0.8,19,"SwordSkill.19",,"skillicon_01_55","FS_skillicon_01_55","<color=#FFFF00FF>【特殊：副装備が片手剣でない時<br>細剣を左手に装備＋該当時のみス<br>キル使用可】</color>激しい突進と共に、<br>左手で猛烈な突きを繰り出す。"
2020,2,"ペネトレイト",True,False,False,3,8,10,0,0.2,0.8,20,"SwordSkill.20",,"skillicon_01_56","FS_skillicon_01_56","<color=#FFFF00FF>【特殊：副装備が片手剣でない時<br>細剣を左手に装備＋該当時のみス<br>キル使用可】</color>大きく力を溜め、<br>左手で渾身の一撃を繰り出す。"
2021,2,"スティンガー",True,False,False,1,8,3,0,0.2,0.8,21,"SwordSkill.21",,"skillicon_01_55","FS_skillicon_01_55","<color=#FFFF00FF>【特殊：副装備が片手剣でない時<br>細剣を左手に装備＋該当時のみス<br>キル使用可】</color>素早く間合いを詰め<br>左手で突きを繰り出す。"
2022,2,"ピアース・テリトリー",True,False,False,2,8,6,0,0.2,0.8,22,"SwordSkill.22",,"skillicon_01_57","FS_skillicon_01_57","<color=#FFFF00FF>【特殊：副装備が片手剣でない時<br>細剣を左手に装備＋該当時のみス<br>キル使用可】</color>左手で周囲に向けて<br>無数の高速突きを放つ。"
2023,2,"サウザンドレイン",True,False,False,5,0,90,0,0.2,0.8,23,"SwordSkill.23",,"skillicon_01_08","FS_skillicon_01_08","自身のストレージから無数の武器<br>をランダムに召喚し一斉に放つ。<br>伝説級武器のレプリカ等も含まれ<br>稀に敵に特殊な効果を与える。"
2024,2,"アサルト・スライス",True,False,False,3,0,10,0,0.2,0.8,24,"SwordSkill.24",,"skillicon_01_02","FS_skillicon_01_02","大きく前進して距離を詰め、<br>斬撃を素早く2回放つ。"
2025,2,"ペルト・ライト",True,False,False,3,0,10,0,0.2,0.8,25,"SwordSkill.25",,"skillicon_01_07","FS_skillicon_01_07","右手に持った剣を投擲して行う、<br>敵を貫通する突属性攻撃。"
2026,2,"ヴォーパル・ストライク",True,False,False,3,0,10,0,0.2,0.8,26,"SwordSkill.26",,"skillicon_01_66","FS_skillicon_01_66","渾身の力を込め、左手で<br>強烈な突きの一撃を繰り出す。"
2027,2,"アブゾーブ・ソルスグレイス",True,False,False,4,0,60,0.2,0.8,1,27,"SwordSkill.27",,"skillicon_01_48","FS_skillicon_01_48","《夜空の剣》の武装完全支配術。<br>右手の剣から、全ての光を吸収し<br>て育つ、強力な波動を前方へ放つ<br>闇属性攻撃。"
2028,2,"クイック・フライト",False,False,False,1,0,2,0,1,0,28,"SwordSkill.28",,"skillicon_02_67","FS_skillicon_02_67","空を蹴るようにして低空を高速で<br>意のままに飛行し、飛行中はあら<br>ゆる攻撃を避けることが出来る。"
2029,2,"ブルーム・リストレイント",True,False,False,5,0,90,0.2,0.8,1,29,"SwordSkill.29",,"skillicon_01_44","FS_skillicon_01_44","《青薔薇の剣》の記憶解放術。<br>自身の周囲の敵を、水属性の<br>大規模な氷塊で攻撃する。<br>敵を氷咲状態にすることがある。"
2030,2,"デッドリー・シンズ",True,False,False,3,0,10,0.2,0.8,1,30,"SwordSkill.30",,"skillicon_01_03","FS_skillicon_01_03","かろやかな動きの7連撃。<br>敵の攻撃を無効化するため、<br>攻撃中はダメージを受けない。"
2031,2,"スターバースト・ストリーム",True,False,False,4,0,60,0,0.2,0.8,31,"SwordSkill.31",,"skillicon_01_03","FS_skillicon_01_03","両手の剣を高速で振るい、<br>斬撃と刺突を織り交ぜた<br>16連撃を繰り出す剣技。"
2032,2,"サウザンドレイン",True,False,False,5,0,90,0,0.2,0.8,23,"SwordSkill.23",,"skillicon_01_08","FS_skillicon_01_08","自身のストレージから無数の武器<br>をランダムに召喚し一斉に放つ。<br>伝説級武器のレプリカ等も含まれ<br>稀に敵に特殊な効果を与える。"
2033,2,"クロス・トラップ",True,False,False,3,0,10,0,0.2,0.8,33,"SwordSkill.33",,"skillicon_01_65","FS_skillicon_01_65","守りの構えをとり、攻撃を受ける<br>とその攻撃を無効化して、斬撃に<br>より反撃する。ガードを押しなが<br>ら発動すると、刺突で反撃する。"
2034,2,"サウザンドレイン",True,False,False,5,0,90,0,0.2,0.8,23,"SwordSkill.23",,"skillicon_01_08","FS_skillicon_01_08","自身のストレージから無数の武器<br>をランダムに召喚し一斉に放つ。<br>伝説級武器のレプリカ等も含まれ<br>稀に敵に特殊な効果を与える。"
2035,2,"ブルー・バーズ",True,False,False,3,0,10,0,0.2,0.8,36,"SwordSkill.36",,"skillicon_01_08","FS_skillicon_01_08","右手の剣を素早く振るい、<br>3連続で衝撃波を飛ばす<br>遠距離攻撃。"
2036,2,"サウザンドレイン",True,False,False,5,0,90,0,0.2,0.8,23,"SwordSkill.23",,"skillicon_01_08","FS_skillicon_01_08","自身のストレージから無数の武器<br>をランダムに召喚し一斉に放つ。<br>伝説級武器のレプリカ等も含まれ<br>稀に敵に特殊な効果を与える。"
2037,2,"ヴォーパル・ストライク",True,False,False,3,0,10,0,0.2,0.8,37,"SwordSkill.37",,"skillicon_01_06","FS_skillicon_01_06","渾身の力を込め、<br>強烈な突きの一撃を繰り出す。"
2038,2,"ヴォーパル・ストライク",True,False,False,3,0,10,0,0.2,0.8,38,"SwordSkill.38",,"skillicon_01_06","FS_skillicon_01_06","渾身の力を込め、<br>強烈な突きの一撃を繰り出す。"
2039,2,"ヴォーパル・ストライク",True,False,False,3,0,10,0,0.2,0.8,39,"SwordSkill.39",,"skillicon_01_06","FS_skillicon_01_06","渾身の力を込め、<br>強烈な突きの一撃を繰り出す。"
2040,2,"ヴォーパル・ストライク",True,False,False,3,0,10,0,0.2,0.8,40,"SwordSkill.40",,"skillicon_01_06","FS_skillicon_01_06","渾身の力を込め、<br>強烈な突きの一撃を繰り出す。"
2041,2,"スターバースト・ストリーム",True,False,False,4,0,60,0,0.2,0.8,4,"SwordSkill.04",,"skillicon_01_03","FS_skillicon_01_03","両手の剣を高速で振るい、<br>斬撃と刺突を織り交ぜた<br>16連撃を繰り出す剣技。"
2042,2,"サウザンドレイン",True,False,False,5,0,90,0,0.2,0.8,23,"SwordSkill.23",,"skillicon_01_08","FS_skillicon_01_08","自身のストレージから無数の武器<br>をランダムに召喚し一斉に放つ。<br>伝説級武器のレプリカ等も含まれ<br>稀に敵に特殊な効果を与える。"
2043,2,"スターバースト・ストリーム",True,False,False,4,0,60,0,0.2,0.8,4,"SwordSkill.04",,"skillicon_01_03","FS_skillicon_01_03","両手の剣を高速で振るい、<br>斬撃と刺突を織り交ぜた<br>16連撃を繰り出す剣技。"
2044,2,"サウザンドレイン",True,False,False,5,0,90,0,0.2,0.8,23,"SwordSkill.23",,"skillicon_01_08","FS_skillicon_01_08","自身のストレージから無数の武器<br>をランダムに召喚し一斉に放つ。<br>伝説級武器のレプリカ等も含まれ<br>稀に敵に特殊な効果を与える。"
2045,2,"ジ・イクリプス",True,False,False,3,0,90,0,0.2,0.8,5,"SwordSkill.05",,"skillicon_01_92","FS_skillicon_01_92","二刀流最高のスキルの一種。<br>間合いを詰め、<br>超高速で斬撃と刺突の<br>27連撃を繰り出す絶技。"
3001,3,"スティンガー",True,False,False,1,0,3,0,1,1,1,"SwordSkill.01",,"skillicon_01_02","FS_skillicon_01_02","素早く間合いを詰め<br>突きを繰り出す。"
3002,3,"カドラブル・ペイン",True,False,False,2,0,6,0,1,1,2,"SwordSkill.02",,"skillicon_01_03","FS_skillicon_01_03","斬撃と突きを連続で繰り出す<br>高速4連撃。"
3003,3,"ピアース・テリトリー",True,False,False,2,0,6,0,1,1,3,"SwordSkill.03",,"skillicon_01_01","FS_skillicon_01_01","周囲へ向けた無数の高速突き。<br>攻撃範囲内の敵全てに<br>ダメージを与える。"
3004,3,"ペネトレイト",True,False,False,3,0,10,0,1,1,4,"SwordSkill.04",,"skillicon_01_06","FS_skillicon_01_06","大きく力を溜め、<br>渾身の一撃を繰り出す。"
3005,3,"スター・スプラッシュ",True,False,False,4,0,60,0,1,1,5,"SwordSkill.05",,"skillicon_01_03","FS_skillicon_01_03","舞い踊るように<br>突きや斬撃を繰り出す8連撃。"
3006,3,"マザーズ・ロザリオ",True,False,False,5,0,90,0,1,1,6,"SwordSkill.06",,"skillicon_01_03","FS_skillicon_01_03","十字を描くような刺突の後、<br>中心部に強烈な一撃を見舞う<br>11連撃。"
3007,3,"ソニック・インパルス",True,False,False,2,0,6,0,1,1,7,"SwordSkill.07",,"skillicon_01_07","FS_skillicon_01_07","鋭い剣閃が衝撃波となって<br>前方の敵を切り裂く。"
3011,3,"リニアー",True,False,False,1,0,3,0,1,1,11,"SwordSkill.11",,"skillicon_01_06","FS_skillicon_01_06","細剣の基本的なスキルの一種。<br>華麗な構えから繰り出す、<br>強力な刺突の一撃。"
3012,3,"パラレル・スティング",True,False,False,1,0,3,0,1,1,12,"SwordSkill.12",,"skillicon_01_03","FS_skillicon_01_03","細剣術の2連撃。<br>素早い突きを連続で繰り出す。"
3013,3,"シューティング・スター",True,False,False,3,0,6,0,1,1,13,"SwordSkill.13",,"skillicon_01_02","FS_skillicon_01_02","前方へ突進しながら<br>剣を突き立てる。"
3014,3,"ニュートロン",True,False,False,3,0,6,0,1,1,14,"SwordSkill.14",,"skillicon_01_03","FS_skillicon_01_03","前方を素早く乱れ突く、<br>5連続刺突攻撃。"
3015,3,"フラッシング・ペネトレイター",True,False,False,5,0,90,0,1,1,15,"SwordSkill.15",,"skillicon_01_02","FS_skillicon_01_02","細剣最高スキルの一種。<br>激しい突進と共に、<br>周囲の敵をなぎ倒す<br>猛烈な突きを繰り出す。"
3016,3,"ニュートロン",True,False,False,3,0,6,0,1,1,16,"SwordSkill.16",,"skillicon_01_41","FS_skillicon_01_41","前方を素早く乱れ突く、<br>聖属性5連続刺突攻撃。"
3017,3,"サマーバカンス・スプラッシュ",True,False,False,4,0,60,0,1,1,17,"SwordSkill.17",,"skillicon_01_34","FS_skillicon_01_34","海の思い出を胸に放つ、<br>突きや斬撃による水属性8連撃。"
3018,3,"ビーチ・スマッシュ",True,False,False,1,0,3,0,1,1,18,"SwordSkill.18",,"skillicon_01_07","FS_skillicon_01_07","ビーチボールを取り出し、正面へ<br>思い切りスマッシュを決める。<br>敵を大きく吹き飛ばす。"
3019,3,"フラッシング・ペネトレイター",True,False,False,5,0,90,0,1,1,15,"SwordSkill.15",,"skillicon_01_02","FS_skillicon_01_02","細剣最高スキルの一種。<br>激しい突進と共に、<br>周囲の敵をなぎ倒す<br>猛烈な突きを繰り出す。"
3020,3,"フラッシング・ペネトレイター",True,False,False,5,0,90,0,1,1,15,"SwordSkill.15",,"skillicon_01_02","FS_skillicon_01_02","細剣最高スキルの一種。<br>激しい突進と共に、<br>周囲の敵をなぎ倒す<br>猛烈な突きを繰り出す。"
3021,3,"スキップ・クリーブ",True,False,False,3,0,10,0,1,1,20,"SwordSkill.20",,"skillicon_01_02","FS_skillicon_01_02","力強く地を蹴り、<br>大きく前進してその勢いのままに<br>敵を貫く突進突攻撃。"
3022,3,"コンフィギュア・グラウンド",True,False,False,1,0,3,0,1,1,21,"SwordSkill.21",,"skillicon_01_62","FS_skillicon_01_62","<color=#FFFF00FF>【特殊：地形操作】</color>前方に大きな<br>地割れを発生させる、非常に強力<br>な土属性攻撃。<color=#FFFF00FF>地形操作を繰り返<br>すと反動でダメージを受ける。</color>"
3023,3,"ディバイド・アース",True,False,False,1,0,3,0,1,1,22,"SwordSkill.22",,"skillicon_01_63","FS_skillicon_01_63","<color=#FFFF00FF>【特殊：地形操作】</color>前方の地面を<br>左右に切り裂く、非常に強力な<br>土属性攻撃。<color=#FFFF00FF>地形操作を繰り返す<br>と反動でダメージを受ける。</color>"
3024,3,"リジェクト・アラウンド",True,False,False,1,0,3,0,1,1,23,"SwordSkill.23",,"skillicon_01_26","FS_skillicon_01_26","<color=#FFFF00FF>【特殊：地形操作】</color>周囲の地面を<br>大きく隆起させる、非常に強力な<br>土属性攻撃。<color=#FFFF00FF>地形操作を繰り返す<br>と反動でダメージを受ける。</color>"
3025,3,"ピアース・スパッター",True,False,False,3,0,10,0,1,1,24,"SwordSkill.24",,"skillicon_01_08","FS_skillicon_01_08","その場で高速で刺突を繰り出し、<br>4発の衝撃波を放つ遠距離攻撃。"
3026,3,"ラース・オブ・ゴッド",True,False,False,5,0,90,0,1,1,25,"SwordSkill.25",,"skillicon_01_63","FS_skillicon_01_63","<color=#FFFF00FF>【特殊：地形操作】</color>前方の大地を<br>広範囲に渡り引き裂く非常に強力<br>な土属性攻撃。<color=#FFFF00FF>地形操作を繰り返<br>すと反動でダメージを受ける。</color>"
3027,3,"護廻",True,False,False,2,0,10,1,1,0,26,"SwordSkill.26",,"skillicon_01_45","FS_skillicon_01_45","《金木犀の剣》の武装完全支配<br>術。剣から変じた花弁を自身の<br>周囲に旋らせ、近寄る敵を斬り<br>払うベールを一定時間纏う。"
3028,3,"飛逐通花",True,False,False,1,0,4,1,1,0,27,"SwordSkill.27",,"skillicon_01_61","FS_skillicon_01_61","《金木犀の剣》の武装完全支配<br>術。敵に追尾するよう花弁を操り<br>勢いのまま敵を貫通して周囲にも<br>ダメージを与える斬属性攻撃。"
3029,3,"カウンター・アサルト",True,False,False,1,0,3,0,1,1,28,"SwordSkill.28",,"skillicon_01_65","FS_skillicon_01_65","守りの構えをとる。<br>構えを解くまでに敵の攻撃を<br>受けると、その攻撃を無効化して<br>身を転じて突進し敵を貫く。"
3030,3,"フラッシング・ペネトレイター",True,False,False,5,0,90,0,1,1,15,"SwordSkill.15",,"skillicon_01_02","FS_skillicon_01_02","細剣最高スキルの一種。<br>激しい突進と共に、<br>周囲の敵をなぎ倒す<br>猛烈な突きを繰り出す。"
3031,3,"グレネード",True,False,False,2,0,6,1,1,0,31,"SwordSkill.31",,"skillicon_01_42","FS_skillicon_01_42","前方へグレネードを投擲する<br>高威力な範囲攻撃。ガードを<br>押しながら発動すると<br>より近くに投擲する。"
3032,3,"スモーク・グレネード",True,False,False,2,0,6,1,1,0,32,"SwordSkill.32",,"skillicon_01_43","FS_skillicon_01_43","前方へスモーク・グレネードを<br>投擲し、敵を混乱させる。<br>ガードを押しながら発動すると<br>より近くに投擲する。"
3033,3,"フラッシング・ペネトレイター",True,False,False,5,0,90,0,1,1,33,"SwordSkill.33",,"skillicon_01_02","FS_skillicon_01_02","細剣最高スキルの一種。<br>激しい突進と共に、<br>周囲の敵をなぎ倒す<br>猛烈な突きを繰り出す。"
3034,3,"フラッシング・ペネトレイター",True,False,False,5,0,90,0,1,1,15,"SwordSkill.15",,"skillicon_01_02","FS_skillicon_01_02","細剣最高スキルの一種。<br>激しい突進と共に、<br>周囲の敵をなぎ倒す<br>猛烈な突きを繰り出す。"
3035,3,"コンバージョン・カウンター",True,False,False,3,0,10,0,1,1,35,"SwordSkill.35",,"skillicon_01_65","FS_skillicon_01_65","守りの構えをとり、攻撃を受ける<br>とその攻撃を無効化して、刺突に<br>より反撃する。ガードを押しなが<br>ら発動すると、斬撃で反撃する。"
3036,3,"スター・スプラッシュ",True,False,False,4,0,60,0,1,1,5,"SwordSkill.05",,"skillicon_01_03","FS_skillicon_01_03","舞い踊るように<br>突きや斬撃を繰り出す8連撃。"
3037,3,"フラッシング・ペネトレイター",True,False,False,5,0,90,0,1,1,15,"SwordSkill.15",,"skillicon_01_02","FS_skillicon_01_02","細剣最高スキルの一種。<br>激しい突進と共に、<br>周囲の敵をなぎ倒す<br>猛烈な突きを繰り出す。"
3038,3,"ニードル・ラッシュ",True,False,False,2,0,6,0,1,1,38,"SwordSkill.38",,"skillicon_01_02","FS_skillicon_01_02","凄まじいスピードで<br>前方へと突撃し敵を刺し貫く。<br>発動中は敵の攻撃を受けない。"
3039,3,"スター・スプラッシュ",True,False,False,4,0,60,0,1,1,5,"SwordSkill.05",,"skillicon_01_03","FS_skillicon_01_03","舞い踊るように<br>突きや斬撃を繰り出す8連撃。"
3040,3,"フラッシング・ペネトレイター",True,False,False,5,0,90,0,1,1,15,"SwordSkill.15",,"skillicon_01_02","FS_skillicon_01_02","細剣最高スキルの一種。<br>激しい突進と共に、<br>周囲の敵をなぎ倒す<br>猛烈な突きを繰り出す。"
3041,3,"フラッシング・ペネトレイター",True,False,False,3,0,90,0,1,1,15,"SwordSkill.15",,"skillicon_01_92","FS_skillicon_01_92","細剣最高スキルの一種。<br>激しい突進と共に、<br>周囲の敵をなぎ倒す<br>猛烈な突きを繰り出す。"
4001,4,"ファッドエッジ",True,False,False,2,0,4,0.2,0.8,1,1,"SwordSkill.01",,"skillicon_01_03","FS_skillicon_01_03","短剣を自在に操り<br>すばやく斬りつける4連撃。"
4002,4,"シングルシュート",True,False,False,1,0,2,0.2,0.8,1,2,"SwordSkill.02",,"skillicon_01_07","FS_skillicon_01_07","持っている短剣を<br>標的へ向かって投げつける。"
4003,4,"ラピッドバイト",True,False,False,2,0,4,0.2,0.8,1,3,"SwordSkill.03",,"skillicon_01_02","FS_skillicon_01_02","前方へ素早く移動し、<br>すれ違いざまに斬りつける。"
4004,4,"アクセル・レイド",True,False,False,4,0,50,0.2,0.8,1,4,"SwordSkill.04",,"skillicon_01_03","FS_skillicon_01_03","軽量の刀身を高速に振るい、<br>鮮やかな8連撃を繰り出す。"
4005,4,"ライトニング・リッパー",True,False,False,5,0,75,0.2,0.8,1,18,"SwordSkill.18",,"skillicon_01_23","FS_skillicon_01_23","短剣最高のスキルの一種。<br>麻痺効果を持った得物で<br>素早く切り裂く連続攻撃。"
4011,4,"ヴェノム・バイト",True,False,False,1,0,2,0.2,0.8,1,11,"SwordSkill.11",,"skillicon_01_18","FS_skillicon_01_18","毒が塗られた刃で<br>標的を斬りつける。"
4012,4,"アーマーピアース",True,False,False,1,0,2,0.2,0.8,1,12,"SwordSkill.12",,"skillicon_01_06","FS_skillicon_01_06","鎧の隙間を縫って刃を突き立て、<br>防御力・耐性を無視して<br>敵へダメージを与える。"
4013,4,"パライズ・バイト",True,False,False,2,0,4,0.2,0.8,1,13,"SwordSkill.13",,"skillicon_01_19","FS_skillicon_01_19","麻痺薬が塗られた刃で<br>標的を斬りつける。"
4014,4,"シャドウ・ステッチ",True,False,False,3,0,7,0.2,0.8,1,14,"SwordSkill.14",,"skillicon_01_03","FS_skillicon_01_03","剣術と体術の複合技。<br>回転しながら敵を斬りつけ、<br>体術で2連続の打撃を打ち込む。"
4015,4,"トリック・アクセル",True,False,False,3,0,7,0.2,0.8,1,15,"SwordSkill.15",,"skillicon_01_02","FS_skillicon_01_02","突進して敵を斬りつけた後、<br>間髪入れずに方向を変え突進し<br>再度移動先で敵を斬りつける。"
4016,4,"スナップ・スラスト",True,False,False,2,0,4,0.2,0.8,1,16,"SwordSkill.16",,"skillicon_01_07","FS_skillicon_01_07","手に持った短剣に力を込め、<br>一直線に強く投げつける。"
4017,4,"ペネトレイト・スロウ",True,False,False,3,0,7,0.2,0.8,1,17,"SwordSkill.17",,"skillicon_01_07","FS_skillicon_01_07","渾身の力で短剣を投擲する。<br>撃ち放たれた短剣は、<br>敵を貫く弾丸と化す。"
4018,4,"ライトニング・リッパー",True,False,False,5,0,75,0.2,0.8,1,18,"SwordSkill.18",,"skillicon_01_23","FS_skillicon_01_23","短剣最高のスキルの一種。<br>麻痺効果を持った得物で<br>素早く切り裂く連続攻撃。"
4019,4,"ライトニング・リッパー",True,False,False,5,0,75,0.2,0.8,1,18,"SwordSkill.18",,"skillicon_01_23","FS_skillicon_01_23","短剣最高のスキルの一種。<br>麻痺効果を持った得物で<br>素早く切り裂く連続攻撃。"
4020,4,"アクセル・レイド",True,False,False,4,0,50,0.2,0.8,1,4,"SwordSkill.04",,"skillicon_01_03","FS_skillicon_01_03","軽量の刀身を高速に振るい、<br>鮮やかな8連撃を繰り出す。"
4021,4,"ビーナンド・ミンス",True,False,False,3,0,7,0.2,0.8,1,21,"SwordSkill.21",,"skillicon_01_23","FS_skillicon_01_23","麻痺効果のある短剣を素早く<br>振り回し、斬撃を複数放つ<br>特殊な連続攻撃。"
4022,4,"護廻",True,False,False,2,0,10,1,1,0,22,"SwordSkill.22",,"skillicon_01_45","FS_skillicon_01_45","《金木犀の剣》の武装完全支配<br>術。剣から変じた花弁を自身の<br>周囲に旋らせ、近寄る敵を攻撃<br>するベールを一定時間纏う。"
4023,4,"飛逐通花",True,False,False,1,0,4,1,1,0,23,"SwordSkill.23",,"skillicon_01_61","FS_skillicon_01_61","《金木犀の剣》の武装完全支配<br>術。敵に追尾するよう花弁を操り<br>勢いのまま敵を貫通して<br>周囲にもダメージを与える。"
4024,4,"ヴェノム・シュート",True,False,False,3,0,7,0.2,0.8,1,24,"SwordSkill.24",,"skillicon_01_09","FS_skillicon_01_09","猛毒を塗った短剣を<br>前方に投擲する。<br>命中した敵をかなり高い確率で<br>毒状態にする。"
4025,4,"グレネード",True,False,False,2,0,6,1,1,0,25,"SwordSkill.25",,"skillicon_01_42","FS_skillicon_01_42","前方へグレネードを投擲する<br>高威力な範囲攻撃。ガードを<br>押しながら発動すると<br>より近くに投擲する。"
4026,4,"スモーク・グレネード",True,False,False,2,0,6,1,1,0,26,"SwordSkill.26",,"skillicon_01_43","FS_skillicon_01_43","前方へスモーク・グレネードを<br>投擲し、敵を混乱させる。<br>ガードを押しながら発動すると<br>より近くに投擲する。"
4027,4,"ライトニング・リッパー",True,False,False,5,0,75,0.2,0.8,1,18,"SwordSkill.18",,"skillicon_01_23","FS_skillicon_01_23","短剣最高のスキルの一種。<br>麻痺効果を持った得物で<br>素早く切り裂く連続攻撃。"
4028,4,"アクセル・レイド",True,False,False,4,0,50,0.2,0.8,1,4,"SwordSkill.04",,"skillicon_01_03","FS_skillicon_01_03","軽量の刀身を高速に振るい、<br>鮮やかな8連撃を繰り出す。"
4029,4,"ライトニング・リッパー",True,False,False,5,0,75,0.2,0.8,1,18,"SwordSkill.18",,"skillicon_01_23","FS_skillicon_01_23","短剣最高のスキルの一種。<br>麻痺効果を持った得物で<br>素早く切り裂く連続攻撃。"
4030,4,"アクセル・レイド",True,False,False,4,0,50,0.2,0.8,1,4,"SwordSkill.04",,"skillicon_01_03","FS_skillicon_01_03","軽量の刀身を高速に振るい、<br>鮮やかな8連撃を繰り出す。"
4031,4,"ライトニング・リッパー",True,False,False,5,0,75,0.2,0.8,1,18,"SwordSkill.18",,"skillicon_01_23","FS_skillicon_01_23","短剣最高のスキルの一種。<br>麻痺効果を持った得物で<br>素早く切り裂く連続攻撃。"
6001,6,"辻風",True,False,False,1,0,3,1,0,0,1,"SwordSkill.01",,"skillicon_01_06","FS_skillicon_01_06","刀を脇に構え、<br>勢いよく斬り上げる一撃。"
6002,6,"緋扇",True,False,False,1,0,3,1,0,0,2,"SwordSkill.02",,"skillicon_01_03","FS_skillicon_01_03","前方へ踏み込みつつ、<br>高速で斬撃を繰り出す3連撃。"
6003,6,"朧月夜",True,False,False,3,0,10,1,0,0,3,"SwordSkill.03",,"skillicon_01_03","FS_skillicon_01_03","前方へ突きを繰り出し、<br>周囲を巻き込む強力な斬撃を<br>連続で行う。"
6004,6,"残月",True,False,False,2,0,6,1,0,0,4,"SwordSkill.04",,"skillicon_01_07","FS_skillicon_01_07","力を込めて振るった刀身より<br>衝撃波を飛ばす。"
6005,6,"羅生門",True,False,False,5,0,90,1,0,0,5,"SwordSkill.05",,"skillicon_01_03","FS_skillicon_01_03","刀最高のスキルの一種。<br>斬撃と刺突を織り交ぜた<br>怒涛の連撃を放ち、<br>敵を慈悲なく切り捨てる。"
6007,6,"窮奇",True,False,False,2,0,6,1,0,0,7,"SwordSkill.07",,"skillicon_01_03","FS_skillicon_01_03","一心不乱に前転しながら<br>斬り続ける6連撃。"
6009,6,"禊椿",True,False,False,2,0,6,1,0,0,9,"SwordSkill.09",,"skillicon_01_06","FS_skillicon_01_06","守りを捨て、<br>全ての力を込めた一太刀。"
6010,6,"紅結",True,False,False,1,0,3,1,0,0,10,"SwordSkill.10",,"skillicon_01_24","FS_skillicon_01_24","刀身に炎を纏わせ、<br>突進と共に斬りつける。"
6011,6,"旋車",True,False,False,3,0,10,1,0,0,11,"SwordSkill.11",,"skillicon_01_01","FS_skillicon_01_01","身体を捻り周囲を薙ぎ払い、<br>自身を中心とした<br>広範囲に攻撃を行う。"
6012,6,"絶空",True,False,False,3,0,10,1,0,0,12,"SwordSkill.12",,"skillicon_01_06","FS_skillicon_01_06","間合いを詰め、<br>強烈な居合を浴びせる。"
6013,6,"散華",True,False,False,4,0,60,1,0,0,13,"SwordSkill.13",,"skillicon_01_03","FS_skillicon_01_03","洗練された太刀筋で、<br>5連続の重い斬撃を浴びせる。"
6014,6,"絶空",True,False,False,3,0,10,1,0,0,14,"SwordSkill.14",,"skillicon_01_25","FS_skillicon_01_25","間合いを詰め、<br>強烈な火属性の居合を浴びせる。"
6015,6,"薄雲",True,False,False,1,0,3,1,0,0,15,"SwordSkill.15",,"skillicon_01_01","FS_skillicon_01_01","刃全体で薙ぐようにして<br>前方を切り払う範囲攻撃。"
6016,6,"霞結",True,False,False,1,0,3,1,0,0,16,"SwordSkill.16",,"skillicon_01_02","FS_skillicon_01_02","素早く構え、<br>突進と共に斬りつける。"
6017,6,"月裂",True,False,False,3,0,10,1,0,0,17,"SwordSkill.17",,"skillicon_01_07","FS_skillicon_01_07","前方を全力で素早く切り裂き、<br>強烈な衝撃波を生み出す<br>遠距離攻撃。"
6018,6,"蓮華通",True,False,False,3,0,10,1,0,0,18,"SwordSkill.18",,"skillicon_01_02","FS_skillicon_01_02","居合の姿勢から<br>前方へ大きく突進しながら一閃<br>する。"
6019,6,"待宵",True,False,False,1,0,3,1,0,0,19,"SwordSkill.19",,"skillicon_01_65","FS_skillicon_01_65","守りの構えをとる。<br>構えを解くまでに敵の攻撃を<br>受けると、その攻撃を無効化し<br>反撃の一太刀を浴びせる。"
6020,6,"羅生門",True,False,False,5,0,90,1,0,0,5,"SwordSkill.05",,"skillicon_01_03","FS_skillicon_01_03","刀最高のスキルの一種。<br>斬撃と刺突を織り交ぜた<br>怒涛の連撃を放ち、<br>敵を慈悲なく切り捨てる。"
6021,6,"甚三紅",True,False,False,3,0,10,1,0,0,21,"SwordSkill.21",,"skillicon_01_08","FS_skillicon_01_08","素早く三度前方を切り払い、<br>強烈な衝撃波を連続で放つ<br>遠距離攻撃。"
6022,6,"逆貫",True,False,False,3,0,10,1,0,0,22,"SwordSkill.22",,"skillicon_01_65","FS_skillicon_01_65","守りの構えをとり、攻撃を受ける<br>とその攻撃を無効化して、斬撃に<br>より反撃する。ガードを押しなが<br>ら発動すると、刺突で反撃する。"
6025,6,"絶三門",True,False,False,3,0,3,1,0,0,25,"SwordSkill.25",,"skillicon_01_77","FS_skillicon_01_77","ダメージと共に敵を弱体化させる<br>三連撃。初撃から順にSTR、<br>VIT、INTを低下させる。<br>※効果量は使用者のINTに依存"
6026,6,"流連剣",True,False,False,3,0,3,1,0,0,26,"SwordSkill.26",,"skillicon_01_78","FS_skillicon_01_78","味方を鼓舞しつつ放つ斬撃。<br>攻撃直前に自パーティのSTRを<br>一定時間上昇させる。<br>※効果量は使用者のINTに依存"
6027,6,"散華",True,False,False,4,0,60,1,0,0,13,"SwordSkill.13",,"skillicon_01_03","FS_skillicon_01_03","洗練された太刀筋で、<br>5連続の重い斬撃を浴びせる。"
6028,6,"羅生門",True,False,False,5,0,90,1,0,0,5,"SwordSkill.05",,"skillicon_01_03","FS_skillicon_01_03","刀最高のスキルの一種。<br>斬撃と刺突を織り交ぜた<br>怒涛の連撃を放ち、<br>敵を慈悲なく切り捨てる。"
6029,6,"月華",True,False,False,4,0,60,1,0,0,27,"SwordSkill.27",,"skillicon_01_07","FS_skillicon_01_07","大きく振りかぶってから<br>繰り出す一太刀と共に、<br>前方へ巨大な衝撃波を飛ばす。"
6030,6,"羅生門",True,False,False,5,0,90,1,0,0,5,"SwordSkill.05",,"skillicon_01_03","FS_skillicon_01_03","刀最高のスキルの一種。<br>斬撃と刺突を織り交ぜた<br>怒涛の連撃を放ち、<br>敵を慈悲なく切り捨てる。"
8001,8,"ビート・アッパー",True,False,False,1,0,2,0.8,0.2,1,1,"SwordSkill.01",,"skillicon_01_06","FS_skillicon_01_06","防御の構えを用い、敵の攻撃に<br>対してカウンターのアッパーを<br>放つ打属性攻撃。"
8002,8,"スマッシュ・ナックル",True,False,False,1,0,2,0.8,0.2,1,2,"SwordSkill.02",,"skillicon_01_02","FS_skillicon_01_02","標的の懐にすばやく潜りこみ、<br>一打を見舞う。"
8003,8,"サージ・テラフィスト",True,False,False,2,0,4,0.8,0.2,1,3,"SwordSkill.03",,"skillicon_01_07","FS_skillicon_01_07","闘気を込めた自身の拳より<br>打属性の気弾を放つ。"
8004,8,"タービュランス・ラッシュ",True,False,False,4,0,50,0.8,0.2,1,4,"SwordSkill.04",,"skillicon_01_03","FS_skillicon_01_03","すばやいダッシュで標的の懐に<br>入り、斬撃・打撃を織り交ぜた<br>11連撃を繰り出す。"
8005,8,"デッドリー・ブロウ",True,False,False,5,0,75,0.8,0.2,1,5,"SwordSkill.05",,"skillicon_01_06","FS_skillicon_01_06","クロー最高のスキルの一種。<br>全身全霊の力で打ち抜く一撃。<br>ガードをしながら放つと<br>斬属性攻撃に変化する。"
8008,8,"ガゼル・ラッシュ",True,False,False,2,0,4,0.8,0.2,1,8,"SwordSkill.08",,"skillicon_01_03","FS_skillicon_01_03","軽やかな蹴りによる3連打撃。"
8009,8,"ブレイジング・ブロウ",True,False,False,3,0,7,0.8,0.2,1,9,"SwordSkill.09",,"skillicon_01_01","FS_skillicon_01_01","大地を震わせ、打属性の衝撃波を<br>生む、守りを捨てた強力な一撃。"
8011,8,"フロント・キャスト",True,False,False,1,0,2,0.8,0.2,1,11,"SwordSkill.11",,"skillicon_01_01","FS_skillicon_01_01","素早く右腕を振るい<br>前方を大きく斬り裂く範囲攻撃。"
8012,8,"ファー・エクスパンダー",True,False,False,2,0,4,0.8,0.2,1,12,"SwordSkill.12",,"skillicon_01_01","FS_skillicon_01_01","両腕を振り回し広範囲を薙ぎ払う<br>斬属性攻撃。"
8013,8,"フルー・スラッシュ",True,False,False,3,0,7,0.8,0.2,1,13,"SwordSkill.13",,"skillicon_01_07","FS_skillicon_01_07","力強くクローを振るい、<br>遠くまで斬撃の余波を伝える。"
8014,8,"アキュート・ヴォールト",True,False,False,3,0,7,0.8,0.2,1,14,"SwordSkill.14",,"skillicon_01_02","FS_skillicon_01_02","身体を回転させることで威力を<br>増しながら敵に突進し、斬撃を<br>浴びせる。"
8015,8,"フィスト・ブレイズ",True,False,False,3,0,7,0.8,0.2,1,15,"SwordSkill.15",,"skillicon_01_08","FS_skillicon_01_08","両手を素早く叩き込み、<br>その衝撃波を連続で飛ばす<br>打属性の遠距離8連撃。"
8016,8,"バージ・エイサー",True,False,False,3,0,7,0.8,0.2,1,16,"SwordSkill.16",,"skillicon_01_03","FS_skillicon_01_03","前進しながら両拳で連打を見舞う<br>8連打撃。<br>"
8017,8,"ラブリー・リップ",True,False,False,1,0,2,0,0,0,17,"SwordSkill.17",,"skillicon_01_58","FS_skillicon_01_58","キュートな投げキッスで<br>着弾した地点にいるMobに<br>魅了を付与する。"
8018,8,"らぶりー・りっぷ？",True,False,False,1,0,2,0,0,0,18,"SwordSkill.18",,"skillicon_01_58","FS_skillicon_01_58","強烈な投げキッスを飛ばし<br>着弾した場所で敵を巻き込む<br>爆発を引き起こす。<br>まれに魅了を付与する。"
8019,8,"グリント・ショット",True,False,False,1,0,2,0,0,0,19,"SwordSkill.19",,"skillicon_01_07","FS_skillicon_01_07","拳銃を用いたスキル。<br>片手で銃を構え1発撃ち出す。<br>※拳銃による射撃は突攻撃となる"
8020,8,"ダブルサーキュラー",True,False,False,2,0,4,0.8,0.2,1,20,"SwordSkill.20",,"skillicon_01_08","FS_skillicon_01_08","突進しながら拳銃で撃ったのち、<br>一方の手に構えたクローで<br>斬撃を繰り出す。<br>※拳銃による射撃は突攻撃となる"
8021,8,"ポイズン・ストライク",True,False,False,3,0,7,0.8,0.2,1,21,"SwordSkill.21",,"skillicon_01_18","FS_skillicon_01_18","毒薬を染み込ませたクローで<br>力強く相手を切り裂く<br>単発斬属性攻撃。"
8022,8,"アンブッシュ・アーム",True,False,False,3,0,7,0.8,0.2,1,22,"SwordSkill.22",,"skillicon_01_65","FS_skillicon_01_65","守りの構えをとり、攻撃を受ける<br>とその攻撃を無効化して、打撃に<br>より反撃する。ガードを押しなが<br>ら発動すると、斬撃で反撃する。"
8025,8,"チャーム・オーラ",True,False,False,2,0,4,0.8,0.2,1,25,"SwordSkill.25",,"skillicon_01_58","FS_skillicon_01_58","キュートな空気を身に纏い、<br>近づいたMobを魅了する。"
8026,8,"ヴァイオレット・ホイール",True,False,False,4,0,50,0.8,0.2,1,26,"SwordSkill.26",,"skillicon_01_02","FS_skillicon_01_02","身体を激しく回転させながら<br>突進し、進路上にいる敵に<br>連続で斬撃を浴びせる。"
8027,8,"ちゃーむ・おーら？",True,False,False,2,0,4,0.8,0.2,1,27,"SwordSkill.27",,"skillicon_01_58","FS_skillicon_01_58","衝撃的にキュートな空気を<br>身に纏い、近づいた敵に<br>ダメージを与える。<br>生き残ったMobは魅了する。"
8028,8,"デッドリー・ブロウ",True,False,False,5,0,75,0.8,0.2,1,5,"SwordSkill.05",,"skillicon_01_06","FS_skillicon_01_06","クロー最高のスキルの一種。<br>全身全霊の力で打ち抜く一撃。<br>ガードをしながら放つと<br>斬属性攻撃に変化する。"
8029,8,"護廻",True,False,False,2,0,10,1,1,0,28,"SwordSkill.28",,"skillicon_01_45","FS_skillicon_01_45","《金木犀の剣》の武装完全支配<br>術。剣から変じた花弁を自身の<br>周囲に旋らせ、近寄る敵を攻撃<br>するベールを一定時間纏う。"
8030,8,"飛逐通花",True,False,False,1,0,4,1,1,0,29,"SwordSkill.29",,"skillicon_01_61","FS_skillicon_01_61","《金木犀の剣》の武装完全支配<br>術。敵に追尾するよう花弁を操り<br>勢いのまま敵を貫通して<br>周囲にもダメージを与える。"
8031,8,"連飛通花",True,False,False,2,0,6,1,1,0,30,"SwordSkill.30",,"skillicon_01_71","FS_skillicon_01_71","《金木犀の剣》の武装完全支配<br>術。敵を追尾する花弁を複数回に<br>分けて飛ばし、敵を貫通して<br>周囲にもダメージを与える。"
8032,8,"グリント・ショット",True,False,False,1,0,2,0,0,0,31,"SwordSkill.31",,"skillicon_01_07","FS_skillicon_01_07","拳銃を用いたスキル。<br>片手で銃を構え1発撃ち出す。<br>※拳銃による射撃は突攻撃となる"
9001,9,"ワールウィンド",True,False,False,1,0,3,0,1,0,1,"SwordSkill.01",,"skillicon_01_01","FS_skillicon_01_01","斧を大きく薙ぎ払い、<br>前方の広範囲を攻撃する。"
9003,9,"ラウンドトリプル・スラッシュ",True,False,False,2,0,6,0,1,0,3,"SwordSkill.03",,"skillicon_01_03","FS_skillicon_01_03","斧の重量を活かした、<br>力任せの3連撃。"
9004,9,"カタパルト・トマホーク",True,False,False,3,0,10,0,1,0,4,"SwordSkill.04",,"skillicon_01_07","FS_skillicon_01_07","力を纏った斧を振り、<br>高速の斬撃を撃ち放つ。"
9005,9,"グラビティ・インパクト",True,False,False,4,0,60,0,1,0,5,"SwordSkill.05",,"skillicon_01_06","FS_skillicon_01_06","広範囲の敵を巻き込む、<br>凄まじい振り下ろしの一撃。"
9006,9,"ヴァイオレント・スパイク",True,False,False,1,0,3,0,1,0,6,"SwordSkill.06",,"skillicon_01_03","FS_skillicon_01_03","敵に飛びかかり、<br>荒々しく斧を振り回す2連撃。"
9007,9,"フラット",True,False,False,1,0,3,0,1,0,7,"SwordSkill.07",,"skillicon_01_06","FS_skillicon_01_06","真横に振りぬく一撃。<br>両手斧スキルの中では<br>比較的隙が少ない。"
9009,9,"シャマル・ブルータル",True,False,False,3,0,10,0,1,0,9,"SwordSkill.09",,"skillicon_01_03","FS_skillicon_01_03","斧の重量に回転エネルギーを<br>加えた範囲攻撃。"
9011,9,"ランバー・ジャック",True,False,False,2,0,6,0,1,0,11,"SwordSkill.11",,"skillicon_01_01","FS_skillicon_01_01","力任せに斧を振り回し、<br>周囲を連続で薙ぎ払う。"
9012,9,"スマッシュ",True,False,False,2,0,6,0,1,0,12,"SwordSkill.12",,"skillicon_01_06","FS_skillicon_01_06","前方へ飛び、斧を叩きつける。<br>周囲の敵にもダメージを与える。"
9013,9,"アース・クラッシャー",True,False,False,3,0,10,0,1,0,13,"SwordSkill.13",,"skillicon_01_26","FS_skillicon_01_26","力を溜め斧を地面に叩きつける。<br>衝撃により岩石の尖頭が出現し、<br>周囲の敵に突き刺さる。"
9014,9,"ダイナミック・ヴァイオレンス",True,False,False,5,0,90,0,1,0,14,"SwordSkill.14",,"skillicon_01_03","FS_skillicon_01_03","両手斧最高のスキルの一種。<br>鬼神の如く斧を振り回し、<br>敵をなぎ倒す4連撃。"
9015,9,"レックレス・ドライブ",True,False,False,3,0,10,0,1,0,15,"SwordSkill.15",,"skillicon_01_02","FS_skillicon_01_02","前方へ突進しながら<br>斧を振り回し、進路にいる敵を<br>幾度も攻撃する。"
9016,9,"ヘヴィ・スレイ",True,False,False,3,0,10,0,1,0,16,"SwordSkill.16",,"skillicon_01_06","FS_skillicon_01_06","渾身の力を込めて<br>斧を袈裟懸けに振り下ろす<br>重い一撃。"
10001,10,"レイジ・ブロウ",True,False,False,1,0,3,0.8,0,0.3,1,"SwordSkill.01",,"skillicon_01_03","FS_skillicon_01_03","片手棍に力を込め、<br>連続で振り払う。"
10002,10,"パワー・ストライク",True,False,False,2,0,6,0.8,0,0.3,2,"SwordSkill.02",,"skillicon_01_01","FS_skillicon_01_01","片手棍を地面に叩きつけ、<br>衝撃波で攻撃する。<br>中心で捉えた敵に対しては、<br>強力なダウン効果がある。"
10003,10,"アサルト・ダイブ",True,False,False,2,0,6,0.8,0,0.3,3,"SwordSkill.03",,"skillicon_01_02","FS_skillicon_01_02","敵の懐へ勢いよく跳び込み、<br>棍を激しく叩きつける。"
10004,10,"ライオット・スマッシュ",True,False,False,3,0,10,0.8,0,0.3,4,"SwordSkill.04",,"skillicon_01_03","FS_skillicon_01_03","片手棍を力任せに振り回す、<br>重たい連撃。"
10005,10,"フューリー・スマッシュ",True,False,False,1,0,3,0.8,0,0.3,5,"SwordSkill.05",,"skillicon_01_06","FS_skillicon_01_06","強力な一撃で<br>敵を大きく吹き飛ばす。"
10006,10,"スピリット・ボンバー",True,False,False,3,0,10,0.8,0,0.3,6,"SwordSkill.06",,"skillicon_01_01","FS_skillicon_01_01","自らの攻撃力を高めた後、<br>棍に注いだ力を爆発させる<br>渾身の一撃を放つ。<br>※効果量は使用者のINTに依存"
10008,10,"ナミング・インパクト",True,False,False,1,0,3,0.8,0,0.3,8,"SwordSkill.08",,"skillicon_01_33","FS_skillicon_01_33","棍に電撃を纏わせて叩きつけ、<br>麻痺効果を持った衝撃波で<br>敵を攻撃する。"
10012,10,"サイレント・ブロウ",True,False,False,2,0,6,0.8,0,0.3,12,"SwordSkill.12",,"skillicon_01_06","FS_skillicon_01_06","身体を回転させながら、<br>横薙ぎの攻撃を繰り出す。"
10013,10,"ミョルニル・ハンマー",True,False,False,3,0,10,0.8,0,0.3,13,"SwordSkill.13",,"skillicon_01_33","FS_skillicon_01_33","雷神の力を纏った棍を叩きつけ、<br>広範囲の敵へ麻痺効果を持った<br>衝撃波で攻撃する。"
10014,10,"ヴァリアブル・ブロウ",True,False,False,4,0,60,0.8,0,0.3,14,"SwordSkill.14",,"skillicon_01_03","FS_skillicon_01_03","回転力を利用し連打を繰り出す、<br>怒涛の8連撃。"
10015,10,"アダマン・ブレイカー",True,False,False,5,0,90,0.8,0,0.3,15,"SwordSkill.15",,"skillicon_01_06","FS_skillicon_01_06","片手棍最高のスキルの一種。<br>膂力の全てを注いだ激しい一撃。"
10016,10,"ナミング・デトネーション",True,False,False,2,0,6,0.8,0,0.3,16,"SwordSkill.16",,"skillicon_01_33","FS_skillicon_01_33","棍に強力な電撃を纏わせて<br>叩きつけ、麻痺効果を持った<br>衝撃波で広範囲の敵を攻撃する。"
10017,10,"セントリフュガル・フォース",True,False,False,3,0,10,0.8,0,0.3,17,"SwordSkill.17",,"skillicon_01_06","FS_skillicon_01_06","空中で回転することで、自重と<br>遠心力をのせた強烈な一撃を<br>見舞う。"
10018,10,"アダマン・ブレイカー",True,False,False,5,0,90,0.8,0,0.3,15,"SwordSkill.15",,"skillicon_01_06","FS_skillicon_01_06","片手棍最高のスキルの一種。<br>膂力の全てを注いだ激しい一撃。"
10019,10,"アダマン・ブレイカー",True,False,False,5,0,90,0.8,0,0.3,15,"SwordSkill.15",,"skillicon_01_06","FS_skillicon_01_06","片手棍最高のスキルの一種。<br>膂力の全てを注いだ激しい一撃。"
10020,10,"ピボット・フォワード",True,False,False,3,0,10,0.8,0,0.3,20,"SwordSkill.20",,"skillicon_01_02","FS_skillicon_01_02","棍を力いっぱい振り回し、敵を<br>巻き込みつつ突進する。ステップ<br>やガードを押下しながら放つこと<br>で、移動距離を調整できる。"
10021,10,"グラウンド・クラッカー",True,False,False,3,0,10,0.8,0,0.3,21,"SwordSkill.21",,"skillicon_01_07","FS_skillicon_01_07","片手棍を全力で地面に叩きつけ、<br>前方へ連鎖的に広がる衝撃波を<br>生み出す。"
10022,10,"ヴァリアブル・ブロウ",True,False,False,4,0,60,0.8,0,0.3,14,"SwordSkill.14",,"skillicon_01_03","FS_skillicon_01_03","回転力を利用し連打を繰り出す、<br>怒涛の8連撃。"
10023,10,"アダマン・ブレイカー",True,False,False,5,0,90,0.8,0,0.3,15,"SwordSkill.15",,"skillicon_01_06","FS_skillicon_01_06","片手棍最高のスキルの一種。<br>膂力の全てを注いだ激しい一撃。"
10024,10,"ヴァリアブル・ブロウ",True,False,False,4,0,60,0.8,0,0.3,14,"SwordSkill.14",,"skillicon_01_03","FS_skillicon_01_03","回転力を利用し連打を繰り出す、<br>怒涛の8連撃。"
10025,10,"アダマン・ブレイカー",True,False,False,5,0,90,0.8,0,0.3,15,"SwordSkill.15",,"skillicon_01_06","FS_skillicon_01_06","片手棍最高のスキルの一種。<br>膂力の全てを注いだ激しい一撃。"
12001,11,"ホーネット",True,False,False,1,0,3,1,1,0,1,"SwordSkill.01",,"skillicon_01_09","FS_skillicon_01_09","毒薬を塗布した矢を<br>敵へ向かって放つ。"
12002,11,"エレクトリック・レイ",True,False,False,2,0,6,1,1,0,2,"SwordSkill.02",,"skillicon_01_10","FS_skillicon_01_10","麻痺薬を塗布した矢を<br>敵へ向かって放つ。"
12003,11,"エイムシュート",True,False,False,2,0,6,1,1,0,3,"SwordSkill.03",,"skillicon_01_07","FS_skillicon_01_07","矢を番える際に特殊な力を込め、<br>敵を貫通する強力な射撃を行う。"
12004,11,"ラディアル・シーカー",True,False,False,2,0,6,1,1,0,4,"SwordSkill.04",,"skillicon_01_08","FS_skillicon_01_08","複数の矢を同時に番えて射る。<br>放射状に放たれた矢は、<br>敵へ吸い寄せられるように進む。"
12005,11,"ヘイル・バレット",True,False,False,1,0,3,1,1,0,5,"SwordSkill.05",,"skillicon_01_07","FS_skillicon_01_07","強く弓を引き、<br>貫通力を高めた矢を放つ。"
12006,11,"ワイド・ショット",True,False,False,1,0,3,1,1,0,6,"SwordSkill.06",,"skillicon_01_08","FS_skillicon_01_08","前方の広い範囲へ<br>複数の矢を同時に射る。"
12007,11,"ダイヤモンド・ダスト",True,False,False,3,0,10,1,1,0,7,"SwordSkill.07",,"skillicon_01_05","FS_skillicon_01_05","氷の魔法を纏った矢を、<br>素早く5回連続で射る。"
12008,11,"エクスプロード・アロー",True,False,False,3,0,10,1,1,0,8,"SwordSkill.08",,"skillicon_01_05b","FS_skillicon_01_05b","炎の魔法を纏った矢を、<br>素早く5回連続で射る。"
12009,11,"マルチプル・チェイサー",True,False,False,3,0,10,1,1,0,9,"SwordSkill.09",,"skillicon_01_08","FS_skillicon_01_08","標的を追尾し貫通する<br>特殊な矢を連射する。"
12010,11,"ストライク・ノヴァ",True,False,False,4,0,60,1,1,0,10,"SwordSkill.10",,"skillicon_01_07","FS_skillicon_01_07","あらん限りの力を込め射る。<br>放たれた矢は光条となり、<br>敵と周囲を巻き込み滅する。"
12011,11,"ミリオン・ハウリング",True,False,False,5,0,90,1,1,0,11,"SwordSkill.11",,"skillicon_01_08","FS_skillicon_01_08","弓最高のスキルの一種。<br>敵を貫く怒涛の如き連射の直後、<br>とどめの強烈な一矢を撃ち放つ。"
12012,11,"ミリオン・ハウリング",True,False,False,5,0,90,1,1,0,11,"SwordSkill.11",,"skillicon_01_08","FS_skillicon_01_08","弓最高のスキルの一種。<br>敵を貫く怒涛の如き連射の直後、<br>とどめの強烈な一矢を撃ち放つ。"
12013,11,"スコールド・エグジット",True,False,False,3,0,10,1,1,0,13,"SwordSkill.13",,"skillicon_01_07","FS_skillicon_01_07","矢に回転をかけて弓を引き絞り、<br>敵を抉るように穿つ<br>高威力な貫通弾を放つ。"
12014,11,"ダウンプア・アーク",True,False,False,2,0,6,1,1,0,14,"SwordSkill.14",,"skillicon_01_01","FS_skillicon_01_01","上空へ複数の弓を放ち、<br>自重による加速が加わった矢の雨<br>を降らせる範囲攻撃。"
12015,11,"キューピッド・アロー",True,False,False,1,0,3,1,1,0,15,"SwordSkill.15",,"skillicon_01_60","FS_skillicon_01_60","魅惑の一矢を放ち、<br>当たった相手に魅了を付与する。"
12016,11,"ヘブンリー・ブレイズ",True,False,False,1,0,75,1,1,0,16,"SwordSkill.16",,"skillicon_01_42","FS_skillicon_01_42","エネルギーを凝縮した光矢を<br>前方へ放射状に放つ火属性攻撃。<br>矢は着弾と共に爆発を引き起こし<br>周囲の敵を巻き込む。"
12017,11,"クイック・フライト",False,False,False,1,0,2,1,1,0,17,"SwordSkill.17",,"skillicon_02_67","FS_skillicon_02_67","空を蹴るようにして低空を高速で<br>意のままに飛行し、飛行中はあら<br>ゆる攻撃を避けることが出来る。"
12018,11,"マインド・バレット",True,False,False,4,0,60,1,1,0,18,"SwordSkill.18",,"skillicon_01_07","FS_skillicon_01_07","強力な心意により弓を自身の愛銃<br>に変貌させて、素早く射撃する。<br>ガードを押すと、範囲内で最も近<br>い敵に照準を合わせる。"
12019,11,"マインド・ペネトレイト",True,False,False,5,0,90,1,1,0,19,"SwordSkill.19",,"skillicon_01_07","FS_skillicon_01_07","強力な心意により弓を自身の愛銃<br>に変貌させ、伏せ撃ちの姿勢から<br>放つ一撃。敵の防御と耐性を無視<br>する特殊な貫通弾を正面に放つ。"
12020,11,"ライトニング・チェイサー",True,False,False,3,0,10,1,1,0,20,"SwordSkill.20",,"skillicon_01_10","FS_skillicon_01_10","稲妻のように左右に曲がる軌道を<br>取りながら敵を追尾し、貫通する<br>特殊な矢を放つ。接触した敵に<br>麻痺を付与する。"
14001,14,"ハンド・ラピッド",True,False,False,1,0,3,1,1,0,1,"SwordSkill.01",,"skillicon_01_08","FS_skillicon_01_08","左手で拳銃を抜き、10連射する。<br>射撃中に方向を指示すると旋回し<br>多方向へ攻撃することが可能。"
14002,14,"ローショット",True,False,False,1,0,3,1,1,0,2,"SwordSkill.02",,"skillicon_01_07","FS_skillicon_01_07","隙無く素早く伏せ撃ちの姿勢を<br>とり、正面を射撃する。弾丸は<br>貫通し複数の敵を貫く。射撃中は<br>無敵効果が付与される。"
14003,14,"スタンド・ファイアリング",True,False,False,2,0,6,1,1,0,3,"SwordSkill.03",,"skillicon_01_07","FS_skillicon_01_07","立ち撃ちの姿勢をとり、貫通弾で<br>正面を射撃する。構えた瞬間に<br>方向を指示することで、旋回して<br>狙いを定めることが可能。"
14004,14,"グレネード",True,False,False,2,0,6,1,1,0,4,"SwordSkill.04",,"skillicon_01_42","FS_skillicon_01_42","前方へグレネードを投擲する<br>高威力な範囲攻撃。ガードを<br>押しながら発動すると<br>より近くに投擲する。"
14005,14,"ピアース・ファイブショット",True,False,False,3,0,10,1,1,0,5,"SwordSkill.05",,"skillicon_01_08","FS_skillicon_01_08","立ち撃ちの姿勢で素早く5発<br>連射する。"
14006,14,"ファントム・バレット",True,False,False,3,0,10,1,1,0,6,"SwordSkill.06",,"skillicon_01_06","FS_skillicon_01_06","銃を構え、敵の視界にバレット・<br>ラインを表示させて、敵を怯ませ<br>る。ガードを押すと、範囲内で<br>最も近い敵に照準を合わせる。"
14007,14,"ウルトラウォーターブラスト",True,False,False,4,0,60,1,1,0,7,"SwordSkill.07",,"skillicon_01_04","FS_skillicon_01_04","海の楽しさをめいっぱい詰め込ん<br>だ、強力な水鉄砲を噴射する。"
14008,14,"クイック・ファイヤー",True,False,False,4,0,60,1,1,0,8,"SwordSkill.08",,"skillicon_01_07","FS_skillicon_01_07","立ち撃ちの姿勢で素早く射撃す<br>る。ガードを押すと、範囲内で<br>最も近い敵に照準を合わせる。"
14009,14,"プローン・ペネトレイト",True,False,False,5,0,90,1,1,0,9,"SwordSkill.09",,"skillicon_01_07","FS_skillicon_01_07","伏せ撃ちの姿勢から放つ強力な<br>一撃。敵の防御と耐性を無視する<br>特殊な貫通弾を正面に放つ。"
14010,14,"ビーチ・スマッシュ",True,False,False,1,0,3,1,1,0,10,"SwordSkill.10",,"skillicon_01_07","FS_skillicon_01_07","ビーチボールを取り出し、正面へ<br>思い切りスマッシュを決める。<br>敵を大きく吹き飛ばす。"
14011,14,"プローン・ペネトレイト",True,False,False,5,0,90,1,1,0,9,"SwordSkill.09",,"skillicon_01_07","FS_skillicon_01_07","伏せ撃ちの姿勢から放つ強力な<br>一撃。敵の防御と耐性を無視する<br>特殊な貫通弾を正面に放つ。"
14012,14,"スモーク・グレネード",True,False,False,2,0,6,1,1,0,12,"SwordSkill.12",,"skillicon_01_43","FS_skillicon_01_43","前方へスモーク・グレネードを<br>投擲し、敵を混乱させる。<br>ガードを押しながら発動すると<br>より近くに投擲する。"
14013,14,"スタッフド・ショット",True,False,False,3,0,10,1,1,0,13,"SwordSkill.13",,"skillicon_01_07","FS_skillicon_01_07","立ち撃ちの姿勢で強力な一弾を<br>放つ。チャージレベルに応じて<br>威力が上昇し、最大時には防御・<br>耐性無視の効果が付く。"
14014,14,"グレネード・マルチプル",True,False,False,3,0,10,1,1,0,14,"SwordSkill.14",,"skillicon_01_42","FS_skillicon_01_42","前方へ複数のグレネードを同時に<br>投擲する高威力な範囲攻撃。<br>ガードを押しながら発動すると<br>より近くに投擲する。"
14015,14,"ヘブンリー・ブレイズ",True,False,False,1,0,75,1,1,0,15,"SwordSkill.15",,"skillicon_01_42","FS_skillicon_01_42","武器を元の姿へと戻し、光矢を<br>前方へ放射状に放つ火属性攻撃。<br>矢は着弾と共に爆発を引き起こし<br>周囲の敵を巻き込む。"
14016,14,"クイック・フライト",False,False,False,1,0,2,1,1,0,16,"SwordSkill.16",,"skillicon_02_67","FS_skillicon_02_67","空を蹴るようにして低空を高速で<br>意のままに飛行し、飛行中はあら<br>ゆる攻撃を避けることが出来る。"
14017,14,"プローン・ペネトレイト",True,False,False,5,0,90,1,1,0,9,"SwordSkill.09",,"skillicon_01_07","FS_skillicon_01_07","伏せ撃ちの姿勢から放つ強力な<br>一撃。敵の防御と耐性を無視する<br>特殊な貫通弾を正面に放つ。"
14018,14,"護廻",True,False,False,2,0,10,1,1,0,17,"SwordSkill.17",,"skillicon_01_45","FS_skillicon_01_45","《金木犀の剣》の武装完全支配<br>術。剣から変じた花弁を自身の<br>周囲に旋らせ、近寄る敵を斬り<br>払うベールを一定時間纏う。"
14019,14,"散花流転",True,False,False,5,0,90,1,1,0,18,"SwordSkill.18",,"skillicon_01_46","FS_skillicon_01_46","《金木犀の剣》の記憶解放術。<br>金木犀の花弁を前方へ旋らせ、<br>あらゆるものをなぎ倒す強力な<br>範囲攻撃。"
14020,14,"クイック・ファイヤー",True,False,False,4,0,60,1,1,0,8,"SwordSkill.08",,"skillicon_01_07","FS_skillicon_01_07","立ち撃ちの姿勢で素早く射撃す<br>る。ガードを押すと、範囲内で<br>最も近い敵に照準を合わせる。"
14021,14,"プローン・ペネトレイト",True,False,False,5,0,90,1,1,0,9,"SwordSkill.09",,"skillicon_01_07","FS_skillicon_01_07","伏せ撃ちの姿勢から放つ強力な<br>一撃。敵の防御と耐性を無視する<br>特殊な貫通弾を正面に放つ。"
14022,14,"マザーズ・ロザリオ",True,False,False,5,0,90,1,1,0,19,"SwordSkill.19",,"skillicon_01_03","FS_skillicon_01_03","フォトンソードを<br>取り出して放つ<br>物理無属性の11連撃。"
14023,14,"プローン・ペネトレイト",True,False,False,3,0,90,1,1,0,9,"SwordSkill.09",,"skillicon_01_92","FS_skillicon_01_92","伏せ撃ちの姿勢から放つ強力な<br>一撃。敵の防御と耐性を無視する<br>特殊な貫通弾を正面に放つ。"
29000,0,"ベイシン・バッシュ！",True,False,False,1,0,3,1,1,0,1,"Skill.Alone01","SkillOnsen_01","skillicon_01_50","FS_skillicon_01_50","何見てんのよ！と言わんばかりに<br>手元の桶を投げつける<br>打属性遠距離攻撃。"
29001,0,"コンフューズ・スチーム",True,False,False,2,0,10,1,1,0,2,"Skill.Alone02","SkillOnsen_02","skillicon_01_50","FS_skillicon_01_50","幻想的な湯けむりを周囲に漂わせ<br>触れた敵を混乱させる。"
29002,0,"インテンス・ガイザー",True,False,False,3,0,10,1,1,0,3,"Skill.Alone03","SkillOnsen_03","skillicon_01_51","FS_skillicon_01_50","前方にある温泉の源泉を刺激し、<br>地中から連続して噴出させる<br>火属性攻撃。<br>ガード同時押しで水属性になる。"
29003,0,"オラクルオブイグレット",True,False,False,4,0,60,1,1,0,4,"Skill.Alone04","SkillOnsen_04","skillicon_01_51","FS_skillicon_01_50","温泉の湯を広範囲に浴びせかける<br>火属性範囲攻撃。ガード同時押し<br>で水属性になる。自パーティが<br>温泉に触れると回復する。"
29004,0,"ホーリーギフト・デトネーション",True,False,False,2,0,6,1,1,0,1,"Skill.Alone01","SkillXmasAttack_01","skillicon_01_53","FS_skillicon_01_53","前方へプレゼントを投擲し、聖夜<br>を乱す邪魔者を滅する聖属性範囲<br>攻撃。ガードを押しながら発動<br>するとより近くに投擲する。"
29005,0,"シャドウギフト・デトネーション",True,False,False,2,0,6,1,1,0,2,"Skill.Alone02","SkillXmasAttack_02","skillicon_01_54","FS_skillicon_01_54","前方へプレゼントを投擲し、聖夜<br>を乱す邪魔者を滅する闇属性範囲<br>攻撃。ガードを押しながら発動<br>するとより近くに投擲する。"
29006,0,"メリー・メリー・クリスマス！",True,False,False,4,0,60,1,1,0,3,"Skill.Alone03","SkillXmasAttack_03","skillicon_01_52","FS_skillicon_01_52","天に祈りを捧げ、聖夜を邪魔する<br>者たちへ大量のプレゼントを配布<br>し攻撃する。プレゼントは自分を<br>中心とした広範囲に降り注ぐ。"
29007,0,"オーバー・ショコラ",True,False,False,1,0,3,0,0,0,2,"Skill.Alone02","Skill214Attack_01","skillicon_01_59","FS_skillicon_01_59","バレンタインのチョコレートを<br>渡す。当たった敵に魅了を付与<br>する。"
29008,0,"ボム・アフェクション",True,False,False,2,0,30,0,0,0,3,"Skill.Alone03","Skill214Attack_02","skillicon_01_59","FS_skillicon_01_59","想いを詰め込んだチョコレートを<br>投げ渡し、広範囲の敵に魅了を<br>付与する。ガードを押しながら<br>発動するとより近くに投擲する。"
29009,0,"サプライズ・ショコラ",True,False,False,1,0,3,0,0,0,2,"Skill.Alone02","Skill214Attack_03","skillicon_01_59","FS_skillicon_01_59","バレンタインのチョコレートを<br>渡す。当たった敵にダメージと<br>混乱を与え、まれに魅了を付与<br>することもある。"
29010,0,"ビーチ・スマッシュ",True,False,False,1,0,3,1,1,0,1,"Skill.Alone01","SkillMizugi01","skillicon_01_07","FS_skillicon_01_07","ビーチボールを取り出し、正面へ<br>思い切りスマッシュを決める。<br>敵を大きく吹き飛ばす。"
29011,0,"サンドバー・ウェイブ",True,False,False,2,0,6,1,1,0,2,"Skill.Alone02","SkillMizugi02","skillicon_01_04","FS_skillicon_01_04","波を起こして前方を攻撃する<br>水属性攻撃。海の浅瀬で使用<br>すると威力が増す。"
29012,0,"ビッグウェイブ・ロアーズ",True,False,False,4,0,60,1,1,0,2,"Skill.Alone02","SkillMizugi03","skillicon_01_04","FS_skillicon_01_04","海の加護を得て大波を起こし<br>前方へ強力な水属性攻撃を行う。<br>海の浅瀬で使用すると<br>威力が増す。"
29013,0,"贈花金斬",True,False,False,2,0,6,1,1,0,1,"Skill.Alone01","SkillXmasAttack_04","skillicon_01_68","FS_skillicon_01_68","贈答箱に金木犀の花弁を忍ばせ、<br>前方へ投擲して敵を追尾させる斬<br>属性攻撃。ガードを押しながら発<br>動するとより近くに投擲する。"
29014,0,"ファイアギフト・デトネーション",True,False,False,2,0,6,1,1,0,1,"Skill.Alone01","SkillXmasAttack_05","skillicon_01_67","FS_skillicon_01_67","前方へプレゼントを投擲し、聖夜<br>を乱す邪魔者を滅する火属性範囲<br>攻撃。ガードを押しながら発動<br>するとより近くに投擲する。"
29015,0,"ファイアギフト・マルチプル",True,False,False,3,0,10,1,1,0,1,"Skill.Alone01","SkillXmasAttack_06","skillicon_01_67","FS_skillicon_01_67","前方へ複数のプレゼントを同時に<br>投擲し、敵を殲滅する火属性範囲<br>攻撃。ガードを押しながら発動<br>するとより近くに投擲する。"
29016,0,"バレット・チャージャー",True,False,False,3,0,10,1,1,0,5,"Skill.Alone05","SkillChargeSsSniper","skillicon_01_73","FS_skillicon_01_73","伏せ撃ちの姿勢で強力な弾丸を<br>射出する。ガードを押下している<br>間、集中力を高め、その時間の<br>長さに応じて威力が増す。"
29017,0,"チャージ・プッシュ",True,False,False,3,0,10,0,1,1,5,"Skill.Alone05","SkillChargeSsRapier","skillicon_01_73","FS_skillicon_01_73","強力な刺突攻撃を行う。<br>ガードを押下している間<br>集中力を高め、その時間の長さに<br>応じて威力が増す。"
29018,0,"八柳",True,False,False,3,0,10,1,0,0,5,"Skill.Alone05","SkillChargeSsKatana","skillicon_01_73","FS_skillicon_01_73","抜刀と共に激しく切りつける。<br>ガードを押下している間<br>集中力を高め、その時間の長さに<br>応じて威力が増す。"
29019,0,"ジャイロ・シューター",True,False,False,2,0,6,0,0.2,0.8,5,"Skill.Alone05","SkillChargeSsNitouryu","skillicon_01_73","FS_skillicon_01_73","両手の剣で周囲を薙ぎ払う。<br>発動時にガードを押下していると<br>チャージが可能。チャージ時間に<br>応じて威力が増し、斬撃が飛ぶ。"
29020,0,"ハイドロ・カノンボール",True,False,False,3,0,10,1,1,0,3,"Skill.Alone03","SkillMizugi04","skillicon_01_04","FS_skillicon_01_04","前方へ水属性の弾を放つ。<br>海の浅瀬で使用すると<br>発射数が増加する。"
29021,0,"スリーカード",True,False,False,2,0,6,0,0,0,1,"Skill.Alone01","SkillBunny01","skillicon_01_79","FS_skillicon_01_79","敵を追尾するトランプを3連続で<br>投げる防御無視斬属性攻撃。<br>ガードを押しながら発動すると<br>追尾はせず貫通弾となる。"
29022,0,"ハート・ショットガン",True,False,False,1,0,3,0,0,0,1,"Skill.Alone01","SkillBunny02","skillicon_01_80","FS_skillicon_01_80","５枚のトランプを放射状に投げる<br>防御無視斬属性攻撃。<br>ダメージを与える他、<br>Mob相手には魅了を付与する。"
29023,0,"パワー・ダイス",True,False,False,1,0,3,0,0,0,1,"Skill.Alone01","SkillBunny03","skillicon_01_81","FS_skillicon_01_81","敵が近づくと爆発するダイスを前<br>方に投げる打属性攻撃。出目が大<br>きいほど威力が上昇。ガード押下<br>中に発動すると近くに投擲する。"
29024,0,"レイズアップ・フィーバー",True,False,False,3,0,10,0,0,0,2,"Skill.Alone02","SkillBunny04","skillicon_01_82","FS_skillicon_01_82","カジノのチップを前方に射出する<br>打属性攻撃。<br>クエスト中の発動回数に応じて<br>性能が20段階まで強化される。"
29025,0,"リトル・メリー・クリスマス",True,False,False,3,0,10,1,1,0,3,"Skill.Alone03","SkillXmasAttack_07","skillicon_01_52","FS_skillicon_01_52","天に祈りを捧げ、<br>前方へ複数のプレゼントを<br>投下し攻撃する。<br>"
29026,0,"ストライク・ベル",True,False,False,2,0,6,1,1,0,5,"Skill.Alone05","SkillXmasAttack_08","skillicon_01_84","FS_skillicon_01_84","前方へ打属性のベルを射出する。<br>ベルは敵にぶつかると無属性の爆<br>発を起こす。ガードを押しながら<br>発動するとベルが敵を貫通する。"
29027,0,"アサルト・スウィーパー",True,False,False,2,0,6,1,1,0,1,"Skill.Alone01","SkillMaidAttack_01","skillicon_01_91","FS_skillicon_01_91","周囲を掃除するためにモップを取<br>り出し、地面を掃きながら突進す<br>る無属性攻撃。発動中無敵。"
29028,0,"ティーブレイクショット",True,False,False,2,0,6,1,1,0,3,"Skill.Alone03","SkillMaidAttack_02","skillicon_01_86","FS_skillicon_01_86","お茶の準備もメイドの務め。敵の<br>元へティーセットを飛ばす防御無<br>視打属性攻撃。ガード押下により<br>チャージを行うと発射数が増加。"
29029,0,"ラブラブ・チャージャー",True,False,False,1,0,3,1,1,0,3,"Skill.Alone03","SkillMaidAttack_03","skillicon_01_87","FS_skillicon_01_87","愛情のこもったオムライスを前方<br>に飛ばして敵を魅了する。ガード<br>を押下していると愛情をチャージ<br>して魅了範囲が拡大する。"
29030,0,"インパクト・エッグ",True,False,False,2,0,6,1,1,0,2,"Skill.Alone02","SkillEasterEgg01","skillicon_01_88","FS_skillicon_01_88","打属性の爆発を起こす<br>イースターエッグを前方に投擲。<br>ステップやガードを押下しながら<br>放つと飛距離を調整できる。"
29031,0,"ムーディー・エッグ",True,False,False,2,0,6,1,1,0,2,"Skill.Alone02","SkillEasterEgg02","skillicon_01_89","FS_skillicon_01_89","魅了効果のある爆発を起こす<br>イースターエッグを前方に投擲。<br>ステップやガードを押下しながら<br>放つと飛距離を調整できる。"
29032,0,"プランク・エッグ",True,False,False,2,0,6,1,1,0,2,"Skill.Alone02","SkillEasterEgg03","skillicon_01_90","FS_skillicon_01_90","敵を弱体化させる効果のある<br>イースターエッグを前方に投擲。<br>ステップやガードを押下しながら<br>放つと飛距離を調整できる。"
30000,0,"クイック",False,False,False,1,0,30,0,0,0,0,,"SkillBuffAGI","skillicon_02_05","FS_skillicon_02_05","身体能力を活性化し、<br>自パーティ全員の移動速度を<br>一定時間上昇させる。"
30001,0,"ファースト・エイド",False,False,False,1,0,15,0,0,0,0,,"SkillHealSELF","skillicon_02_03","FS_skillicon_02_03","癒しの光を使用して、<br>使用者のHPを小回復する。<br>※回復量は使用者のINTに依存"
30002,0,"ヒール",False,False,False,2,0,20,0,0,0,0,,"SkillHealAll","skillicon_02_01","FS_skillicon_02_01","癒しの光を使用して、<br>味方全員の<br>HPを回復する。<br>※回復量は使用者のINTに依存"
30003,0,"リストア",False,False,False,1,0,15,0,0,0,0,,"SkillCureHeal","skillicon_02_21","FS_skillicon_02_21","癒しの光を使用して、<br>使用者のHPを小回復し、<br>身体の状態異常を回復する。<br>※回復量は使用者のINTに依存"
30004,0,"リカバリー",False,False,False,2,0,20,0,0,0,0,,"SkillCureHealAll","skillicon_02_22","FS_skillicon_02_22","癒しの光を使用して、<br>味方全員のHPと<br>身体の状態異常を回復する。<br>※回復量は使用者のINTに依存"
30005,0,"キュア",False,False,False,1,0,5,0,0,0,0,,"SkillCureAll","skillicon_02_07","FS_skillicon_02_07","癒しの光を使用して、<br>味方全員の<br>身体の状態異常を回復する。"
30006,0,"シャープネス",False,False,False,2,0,15,0,0,0,0,,"SkillBuffStr","skillicon_02_04","FS_skillicon_02_04","筋力を活性化し、<br>使用者のSTRを<br>一定時間上昇させる。<br>※効果量は使用者のINTに依存"
30007,0,"シャープ・ウェル",False,False,False,2,0,15,0,0,0,0,,"SkillBuffStrAll","skillicon_02_02","FS_skillicon_02_02","筋力を活性化し、<br>味方全員のSTRを<br>一定時間上昇させる。<br>※効果量は使用者のINTに依存"
30008,0,"シャープ・フォア",False,False,False,3,0,15,0,0,0,0,,"SkillBuffStrAttack","skillicon_02_23","FS_skillicon_02_23","筋力を活性化し、<br>味方内アタッカーの<br>STRを一定時間上昇させる。<br>※効果量は使用者のINTに依存"
30009,0,"プロテクション",False,False,False,2,0,10,0,0,0,0,,"SkillBuffVit","skillicon_02_09","FS_skillicon_02_09","体表面を硬化し、<br>使用者のVITを<br>一定時間上昇させる。<br>※効果量は使用者のINTに依存"
30010,0,"プロテクト・ウェル",False,False,False,2,0,10,0,0,0,0,,"SkillBuffVitAll","skillicon_02_08","FS_skillicon_02_08","体表面を硬化し、<br>味方全員のVITを<br>一定時間上昇させる。<br>※効果量は使用者のINTに依存"
30011,0,"プロテクト・フォア",False,False,False,3,0,10,0,0,0,0,,"SkillBuffVitTank","skillicon_02_24","FS_skillicon_02_24","体表面を硬化し、<br>味方内タンクの<br>VITを一定時間上昇させる。<br>※効果量は使用者のINTに依存"
30012,0,"レイズ・フレア",False,False,False,2,0,20,0,0,0,0,,"SkillEnchantFire","skillicon_02_10b","FS_skillicon_02_10b","炎の加護を宿し、<br>使用者の攻撃に一定時間<br>火属性攻撃を付与する。"
30013,0,"レイズ・アクア",False,False,False,2,0,20,0,0,0,0,,"SkillEnchantWater","skillicon_02_10","FS_skillicon_02_10","水の加護を宿し、<br>使用者の攻撃に一定時間<br>水属性攻撃を付与する。"
30014,0,"レイズ・エアロ",False,False,False,2,0,20,0,0,0,0,,"SkillEnchantAir","skillicon_02_10d","FS_skillicon_02_10d","風の加護を宿し、<br>使用者の攻撃に一定時間<br>風属性攻撃を付与する。"
30015,0,"レイズ・ソイル",False,False,False,2,0,20,0,0,0,0,,"SkillEnchantEarth","skillicon_02_10c","FS_skillicon_02_10c","土の加護を宿し、<br>使用者の攻撃に一定時間<br>土属性攻撃を付与する。"
30016,0,"レイズ・ホーリー",False,False,False,2,0,20,0,0,0,0,,"SkillEnchantHoly","skillicon_02_10e","FS_skillicon_02_10e","聖なる加護を宿し、<br>使用者の攻撃に一定時間<br>聖属性攻撃を付与する。"
30017,0,"レイズ・ダーク",False,False,False,2,0,20,0,0,0,0,,"SkillEnchantDark","skillicon_02_10f","FS_skillicon_02_10f","闇の加護を宿し、<br>使用者の攻撃に一定時間<br>闇属性攻撃を付与する。"
30019,0,"エンハンス・フレア",False,False,False,2,0,20,0,0,0,0,,"SkillEnchantFireAll","skillicon_02_25","FS_skillicon_02_25","炎の加護を宿し、<br>味方全員の攻撃に<br>一定時間火属性攻撃を付与する。"
30020,0,"エンハンス・アクア",False,False,False,2,0,20,0,0,0,0,,"SkillEnchantWaterAll","skillicon_02_26","FS_skillicon_02_26","水の加護を宿し、<br>味方全員の攻撃に<br>一定時間水属性攻撃を付与する。"
30021,0,"エンハンス・エアロ",False,False,False,2,0,20,0,0,0,0,,"SkillEnchantAirAll","skillicon_02_27","FS_skillicon_02_27","風の加護を宿し、<br>味方全員の攻撃に<br>一定時間風属性攻撃を付与する。"
30022,0,"エンハンス・ソイル",False,False,False,2,0,20,0,0,0,0,,"SkillEnchantEarthAll","skillicon_02_28","FS_skillicon_02_28","土の加護を宿し、<br>味方全員の攻撃に<br>一定時間土属性攻撃を付与する。"
30023,0,"エンハンス・ホーリー",False,False,False,2,0,20,0,0,0,0,,"SkillEnchantHolyAll","skillicon_02_29","FS_skillicon_02_29","聖なる加護を宿し、<br>味方全員の攻撃に<br>一定時間聖属性攻撃を付与する。"
30024,0,"エンハンス・ダーク",False,False,False,2,0,20,0,0,0,0,,"SkillEnchantDarkAll","skillicon_02_30","FS_skillicon_02_30","闇の加護を宿し、<br>味方全員の攻撃に<br>一定時間闇属性攻撃を付与する。"
30040,0,"リリーフ・フレア",False,False,False,2,0,10,0,0,0,0,,"SkillResistFire","skillicon_02_31","FS_skillicon_02_31","炎の加護を賜り、<br>使用者の火属性耐性を<br>一定時間強化する。"
30041,0,"リリーフ・アクア",False,False,False,2,0,10,0,0,0,0,,"SkillResistWater","skillicon_02_32","FS_skillicon_02_32","水の加護を賜り、<br>使用者の水属性耐性を<br>一定時間強化する。"
30042,0,"リリーフ・エアロ",False,False,False,2,0,10,0,0,0,0,,"SkillResistAir","skillicon_02_33","FS_skillicon_02_33","風の加護を賜り、<br>使用者の風属性耐性を<br>一定時間強化する。"
30043,0,"リリーフ・ソイル",False,False,False,2,0,10,0,0,0,0,,"SkillResistEarth","skillicon_02_34","FS_skillicon_02_34","土の加護を賜り、<br>使用者の土属性耐性を<br>一定時間強化する。"
30044,0,"リリーフ・ホーリー",False,False,False,2,0,10,0,0,0,0,,"SkillResistHoly","skillicon_02_35","FS_skillicon_02_35","聖なる加護を賜り、<br>使用者の聖属性耐性を<br>一定時間強化する。"
30045,0,"リリーフ・ダーク",False,False,False,2,0,10,0,0,0,0,,"SkillResistDark","skillicon_02_36","FS_skillicon_02_36","闇の加護を賜り、<br>使用者の闇属性耐性を<br>一定時間強化する。"
30046,0,"リリーフ・エレメンタル",False,False,False,2,0,10,0,0,0,0,,"SkillResistAll","skillicon_02_37","FS_skillicon_02_37","全能の加護を賜り、<br>使用者の全属性耐性を<br>一定時間強化する。"
30047,0,"レジスト・フレア",False,False,False,2,0,10,0,0,0,0,,"SkillResistFireAll","skillicon_02_15b","FS_skillicon_02_15b","炎の加護を賜り、<br>味方全員の火属性耐性を<br>一定時間強化する。"
30048,0,"レジスト・アクア",False,False,False,2,0,10,0,0,0,0,,"SkillResistWaterAll","skillicon_02_15","FS_skillicon_02_15","水の加護を賜り、<br>味方全員の水属性耐性を<br>一定時間強化する。"
30049,0,"レジスト・エアロ",False,False,False,2,0,10,0,0,0,0,,"SkillResistAirAll","skillicon_02_15d","FS_skillicon_02_15d","風の加護を賜り、<br>味方全員の風属性耐性を<br>一定時間強化する。"
30050,0,"レジスト・ソイル",False,False,False,2,0,10,0,0,0,0,,"SkillResistEarthAll","skillicon_02_15c","FS_skillicon_02_15c","土の加護を賜り、<br>味方全員の土属性耐性を<br>一定時間強化する。"
30051,0,"レジスト・ホーリー",False,False,False,2,0,10,0,0,0,0,,"SkillResistHolyAll","skillicon_02_15e","FS_skillicon_02_15e","聖なる加護を賜り、<br>味方全員の聖属性耐性を<br>一定時間強化する。"
30052,0,"レジスト・ダーク",False,False,False,2,0,10,0,0,0,0,,"SkillResistDarkAll","skillicon_02_15f","FS_skillicon_02_15f","闇の加護を賜り、<br>味方全員の闇属性耐性を<br>一定時間強化する。"
30053,0,"レジスト・エレメンタル",False,False,False,2,0,10,0,0,0,0,,"SkillResistAllAll","skillicon_02_38","FS_skillicon_02_38","全能の加護を賜り、<br>味方全員の全属性耐性を<br>一定時間強化する。"
30054,0,"エグゾースト",False,False,False,2,0,5,0,0,0,0,,"SkillDebuffStrAllR","skillicon_02_39","FS_skillicon_02_39","周囲にいる敵を疲労させ、<br>攻撃力を一定時間減少させる。<br>※効果量は使用者のINTに依存"
30055,0,"ウィークネス",False,False,False,2,0,5,0,0,0,0,,"SkillDebuffVitAllR","skillicon_02_40","FS_skillicon_02_40","周囲にいる敵を脱力させ、<br>防御力を一定時間減少させる。<br>※効果量は使用者のINTに依存"
30056,0,"ディスクロージャー",False,False,False,2,0,5,0,0,0,0,,"SkillRemoveBuffEnemyR","skillicon_02_41","FS_skillicon_02_41","敵が纏う加護を破り、<br>画面内にいる全ての敵の<br>バフを解除する。"
30057,0,"ポイズンミスト",False,False,False,2,0,15,0,0,0,0,,"SkillEnchantPoison","skillicon_02_11","FS_skillicon_02_11","毒薬を利用して、<br>使用者が攻撃を行った相手を<br>一定時間毒状態にする。"
30058,0,"パラライズミスト",False,False,False,2,0,15,0,0,0,0,,"SkillEnchantParalysis","skillicon_02_12","FS_skillicon_02_12","しびれ薬を利用して、<br>使用者が攻撃を行った相手を<br>一定時間麻痺状態にする。"
30059,0,"コンフュージョン",False,False,False,2,0,15,0,0,0,0,,"SkillEnchantConfuse","skillicon_02_13","FS_skillicon_02_13","相手の思考力を低下させる。<br>使用者が攻撃を行った相手を<br>一定時間混乱状態にする。"
30060,0,"リストリクション",False,False,False,2,0,15,0,0,0,0,,"SkillEnchantSealed","skillicon_02_14","FS_skillicon_02_14","特定の行動を禁止する。<br>使用者が攻撃を行った相手を<br>一定時間封印状態にする。"
30061,0,"ピアーシング",False,False,False,1,0,15,0,0,0,0,,"SkillShootPenetrate","skillicon_02_42","FS_skillicon_02_42","一定時間、通常攻撃が<br>標的を貫通するようになる。"
30062,0,"バトルクライ",False,False,False,2,0,15,0,0,0,0,,"SkillSuperArmor","skillicon_02_43","FS_skillicon_02_43","溢れるガッツにより、<br>使用者が一定時間<br>よろけ・ダウン無効状態になる。<br>※修復中は効果が発動しない"
30063,0,"ウォークライ",False,False,False,2,0,15,0,0,0,0,,"SkillSuperArmorAll","skillicon_02_44","FS_skillicon_02_44","溢れるガッツにより、<br>味方全員が一定時間<br>よろけ・ダウン無効状態になる。<br>※修復中は効果が発動しない"
30064,0,"リジェネレイト",False,False,False,2,0,20,0,0,0,0,,"SkillRegenerate","skillicon_02_45","FS_skillicon_02_45","癒しの光を使用して、<br>使用者のHPを<br>一定時間徐々に回復する。<br>※回復量は使用者のINTに依存"
30065,0,"エンジェル・レイ",False,False,False,2,0,20,0,0,0,0,,"SkillRegenerateAll","skillicon_02_46","FS_skillicon_02_46","癒しの光を使用して、<br>味方全員のHPを<br>一定時間徐々に回復する。<br>※回復量は使用者のINTに依存"
30066,0,"フラグメントサーチ",False,False,False,1,0,5,0,0,0,0,,"SkillShowCrystal","skillicon_02_06","FS_skillicon_02_06","神経を研ぎ澄まし、<br>フラグメントの位置を<br>マップ上に表示する。"
30067,0,"ヒール・ブレス",False,False,True,2,0,6,0,0,0,0,,"SkillPet01","skillicon_02_20","FS_skillicon_02_20","使い魔を操り、<br>HP回復の効果を持った<br>ブレスを放つ。<br>※回復量は使用者のINTに依存"
30068,0,"リストア・ブレス",False,False,True,2,0,6,0,0,0,0,,"SkillPet02","skillicon_02_47","FS_skillicon_02_47","使い魔を操り、<br>HP回復・状態異常回復の<br>効果を持ったブレスを放つ。<br>※回復量は使用者のINTに依存"
30069,0,"シャープ・ブレス",False,False,True,2,0,6,0,0,0,0,,"SkillPet03","skillicon_02_48","FS_skillicon_02_48","使い魔を操り、<br>攻撃力上昇の効果を持った<br>ブレスを放つ。<br>※効果量は使用者のINTに依存"
30070,0,"プロテクト・ブレス",False,False,True,2,0,6,0,0,0,0,,"SkillPet04","skillicon_02_49","FS_skillicon_02_49","使い魔を操り、<br>防御力上昇の効果を持った<br>ブレスを放つ。<br>※効果量は使用者のINTに依存"
30071,0,"エグゾースト・アーツ",False,False,False,2,0,15,0,0,0,0,,"SkillEnchantDebuffStr","skillicon_02_39","FS_skillicon_02_39","敵を疲労させるスキル。<br>使用者の攻撃に付与され、ヒット<br>時に標的の攻撃力を減少させる。<br>※効果量は使用者のINTに依存"
30072,0,"ウィークネス・フォーミュラ",False,False,False,2,0,15,0,0,0,0,,"SkillEnchantDebuffVit","skillicon_02_40","FS_skillicon_02_40","敵を脱力させるスキル。<br>使用者の攻撃に付与され、ヒット<br>時に標的の防御力を減少させる。<br>※効果量は使用者のINTに依存"
30073,0,"ハピネス・ピクニック",False,False,False,2,0,30,0,0,0,1,"Skill.Alone01","SkillPicnicLunch","skillicon_02_52","FS_skillicon_02_52","最高の景色と美味しいお弁当で<br>全員の体力と気力を回復する。<br>HP・状態異常を回復し、更に<br>STRと移動速度が上昇する。"
30074,0,"バースト・エンフォース",False,False,False,4,0,15,0,0,0,0,,"SkillBuffStrLv4","skillicon_02_04","FS_skillicon_02_04","瞬間的に筋力を活性化し、<br>使用者のSTRを<br>短時間大きく上昇させる。<br>※効果量は使用者のINTに依存"
30075,0,"グレイスフォーオール",False,False,False,3,0,15,0,0,0,0,,"SkillBuffStrAndVitAll","skillicon_02_53","FS_skillicon_02_53","聖なる祈りで加護を得て、<br>味方全員のSTRとVITを<br>一定時間上昇させる。<br>※効果量は使用者のINTに依存"
30076,0,"フェイバリット・プラント",False,False,False,1,0,90,0,0,0,0,,"SkillFavoritePlant","skillicon_02_54","FS_skillicon_02_54","幾度も植物系モンスターに宙吊り<br>にされる内、気に入られてしまっ<br>た様子。懐いたガリッシュ・ガー<br>ベラを呼び、共に戦ってもらう。"
30077,0,"ディア・グッドチャイルド",False,False,False,2,0,20,0,0,0,4,"Skill.Alone04","SkillXmasHeal","skillicon_02_55","FS_skillicon_02_55","サンタさんから良い子への<br>プレゼント。HP・状態異常を<br>回復し、更にSTRとVITが上昇<br>する。"
30078,0,"エンデュランス・クイック",False,False,False,4,0,30,0,0,0,0,,"SkillBuffAGILv4","skillicon_02_05","FS_skillicon_02_05","身体能力を活性化した上、<br>持久性を持たせ、自パーティ全員<br>の移動速度を長時間上昇させる。"
30079,0,"オースオブナイツ",False,False,False,3,0,15,0,0,0,0,,"SkillBuffStrAndVit","skillicon_02_56","FS_skillicon_02_56","誓いを立て自身を鼓舞することで<br>使用者のSTRとVITを<br>一定時間上昇させる。"
30080,0,"ビー・ノーブル",False,False,False,3,0,15,0,0,0,0,,"SkillBuffStr30080","skillicon_02_57","FS_skillicon_02_57","高潔な意志力により使用者の<br>STR弱体効果を解除し、<br>STRを一定時間上昇させる。"
30081,0,"スース・フレンズ",False,False,False,2,0,15,0,0,0,1,"Skill.Alone01","SkillCatKissHeal","skillicon_02_58","FS_skillicon_02_58","キュートな動きでメンバーを癒し<br>元気にさせる。全員のHP・状態<br>異常を回復し、更にHPを<br>一定時間徐々に回復する。"
30082,0,"スウィート・ブリムフル",False,False,False,2,0,15,0,0,0,1,"Skill.Alone01","Skill214Heal","skillicon_02_59","FS_skillicon_02_59","貰ったチョコレートを食べ、想い<br>の力を漲らせる。全員のHP・<br>状態異常を回復し、更に一定時間<br>よろけ・ダウン無効状態になる。"
30083,0,"レイズ・フレア・ブレス",False,False,True,2,0,15,0,0,0,0,,"SkillPetEnchantFire","skillicon_02_60","FS_skillicon_02_60","使い魔を操り、<br>炎の加護を宿したブレスを放つ。<br>先頭のキャラの攻撃に<br>一定時間火属性攻撃を付与する。"
30084,0,"レイズ・アクア・ブレス",False,False,True,2,0,15,0,0,0,0,,"SkillPetEnchantWater","skillicon_02_61","FS_skillicon_02_61","使い魔を操り、<br>水の加護を宿したブレスを放つ。<br>先頭のキャラの攻撃に<br>一定時間水属性攻撃を付与する。"
30085,0,"レイズ・エアロ・ブレス",False,False,True,2,0,15,0,0,0,0,,"SkillPetEnchantAir","skillicon_02_62","FS_skillicon_02_62","使い魔を操り、<br>風の加護を宿したブレスを放つ。<br>先頭のキャラの攻撃に<br>一定時間風属性攻撃を付与する。"
30086,0,"レイズ・ソイル・ブレス",False,False,True,2,0,15,0,0,0,0,,"SkillPetEnchantEarth","skillicon_02_63","FS_skillicon_02_63","使い魔を操り、<br>土の加護を宿したブレスを放つ。<br>先頭のキャラの攻撃に<br>一定時間土属性攻撃を付与する。"
30087,0,"レイズ・ホーリー・ブレス",False,False,True,2,0,15,0,0,0,0,,"SkillPetEnchantHoly","skillicon_02_64","FS_skillicon_02_64","使い魔を操り、<br>聖の加護を宿したブレスを放つ。<br>先頭のキャラの攻撃に<br>一定時間聖属性攻撃を付与する。"
30088,0,"レイズ・ダーク・ブレス",False,False,True,2,0,15,0,0,0,0,,"SkillPetEnchantDark","skillicon_02_65","FS_skillicon_02_65","使い魔を操り、<br>闇の加護を宿したブレスを放つ。<br>先頭のキャラの攻撃に<br>一定時間闇属性攻撃を付与する。"
30089,0,"オウフリー・エグゾースト",False,False,False,4,0,10,0,0,0,0,,"SkillDebuffStrAllLv4R","skillicon_02_39","FS_skillicon_02_39","周囲にいる敵をとても疲労させ、<br>攻撃力を長時間、大きく減少<br>させる。<br>※効果量は使用者のINTに依存"
30090,0,"オウフリー・ウィークネス",False,False,False,4,0,10,0,0,0,0,,"SkillDebuffVitAllLv4R","skillicon_02_40","FS_skillicon_02_40","周囲にいる敵をとても脱力させ、<br>防御力を長時間、大きく減少<br>させる。<br>※効果量は使用者のINTに依存"
30091,0,"レイテント・トラッカー",False,False,False,1,0,30,0,0,0,0,,"SkillHideParty","skillicon_02_66","FS_skillicon_02_66","気配を忍ばせ、自パーティ全員が<br>まだ見つかっていないMobに<br>感知されなくなる。※攻撃を<br>当てた相手には効果が無くなる"
30092,0,"情報拡張",False,False,False,2,0,30,0,0,0,0,,"SkillAugmaOn","skillicon_02_68","FS_skillicon_02_68","オーグマーの機能拡張により、<br>ミニマップ上に、フラグメント・<br>グリード・イベントモンスターの<br>位置が表示される。"
30093,0,"チャームミスト",False,False,False,2,0,15,0,0,0,0,,"SkillEnchantCharm","skillicon_02_69","FS_skillicon_02_69","溢れ出る魅力により、<br>使用者が攻撃を行った相手を<br>一定時間魅了状態にする。"
30094,0,"キープ・コンディション",False,False,False,2,0,20,0,0,0,0,,"SkillPreventionBadStatus","skillicon_02_70","FS_skillicon_02_70","全員の体調管理を万全にし、<br>一定時間、味方全員が状態異常に<br>かからないようにする。"
30095,0,"パラライズエフェクト",False,False,False,4,0,30,0,0,0,0,,"SkillEnchantParalysisSuper","skillicon_02_12","FS_skillicon_02_12","強力な麻痺効果を宿し、<br>使用者が攻撃を行った相手を<br>一定時間強力な麻痺状態にする。"
30096,0,"リカバリー・ブレス",False,False,True,3,0,10,0,0,0,0,,"SkillPetSuperHeal","skillicon_02_47","FS_skillicon_02_47","癒しのブレスにより、<br>先頭のキャラのHPを大幅に回復<br>し、状態異常も回復させる。<br>※回復量は使用者のINTに依存"
30097,0,"エンフォース・ブレス",False,False,True,4,0,10,0,0,0,0,,"SkillPetSuperSTRBuff","skillicon_02_48","FS_skillicon_02_48","筋力を活性化するブレスにより<br>先頭のキャラのSTRを<br>短時間大きく上昇させる。<br>※効果量は使用者のINTに依存"
30100,0,"フォース",False,True,False,2,0,0,0,0,0,0,,"SkillPassiveBuffStr","skillicon_03_01",,"鍛え上げられた筋力により、<br>保有者のSTRが上昇する。"
30101,0,"タフネス",False,True,False,2,0,0,0,0,0,0,,"SkillPassiveBuffVit","skillicon_03_05",,"強靭な肉体により、<br>保有者のVITが上昇する。"
30102,0,"レイド",False,True,False,3,0,0,0,0,0,0,,"SkillBuffStrAttackPassive","skillicon_03_11",,"強襲体勢を整え、<br>味方内アタッカーの<br>STRが上昇する。"
30103,0,"フォートレス",False,True,False,3,0,0,0,0,0,0,,"SkillBuffVitTankPassive","skillicon_03_12",,"互いをフォローし合い、<br>味方内タンクの<br>VITが上昇する。"
30104,0,"コンクェスト",False,True,False,4,0,0,0,0,0,0,,"SkillPassiveBuffStrAll","skillicon_03_03",,"完璧なチームワークにより、<br>味方全員のSTRが上昇する。"
30105,0,"シェルター",False,True,False,4,0,0,0,0,0,0,,"SkillPassiveBuffVitAll","skillicon_03_04",,"鉄壁のチームワークにより、<br>味方全員のVITが上昇する。"
30106,0,"グリードサーチ",False,True,False,1,0,0,0,0,0,0,,"SkillShowGreed","skillicon_03_02",,"研ぎ澄まされた直感で、<br>フィールド上のグリードを<br>マップ上に表示する。"
30107,0,"コンバットヒーリング",False,True,False,1,0,0,0,0,0,0,,"SkillRegeneratePassive1","skillicon_03_10",,"自然治癒力を高め、<br>保有者のHPが一定間隔で<br>ごく少量ずつ、徐々に回復する。<br>※回復量は保有者のINTに依存"
30108,0,"バトルヒーリング",False,True,False,2,0,0,0,0,0,0,,"SkillRegeneratePassive2","skillicon_03_10",,"自然治癒力をより高め、<br>保有者のHPが一定間隔で<br>少しずつ、徐々に回復する。<br>※回復量は保有者のINTに依存"
30109,0,"ウォーヒーリング",False,True,False,3,0,0,0,0,0,0,,"SkillRegeneratePassive3","skillicon_03_10",,"自然治癒力を大幅に高め、<br>保有者のHPが一定間隔で<br>中程度ずつ、徐々に回復する。<br>※回復量は保有者のINTに依存"
30110,0,"アクティブガード",False,True,False,1,0,0,0,0,0,0,,"SkillGuardMove","skillicon_03_08",,"熟達した動きで、<br>保有者はガード中でも<br>移動することができる。"
30111,0,"アクティブ・サポート",False,True,False,1,0,0,0,0,0,0,,"SkillAutoAttackSpeed","skillicon_03_09",,"積極的な援護を行う。<br>保有者が後衛のときに、<br>攻撃頻度が増える。"
30112,0,"パリィ",False,True,False,1,0,0,0,0,0,0,,"SkillParry","skillicon_03_07",,"斬撃の刹那を見切る。<br>保有者が敵の攻撃を<br>ジャストガードで防いだ場合、<br>攻撃を弾いて敵の体勢を崩す。"
30113,0,"オートガード",False,True,False,1,0,0,0,0,0,0,,"SkillAutoGuard","skillicon_03_13",,"周囲からの攻撃を警戒する。<br>保有者は待機時と通常移動時、<br>敵の攻撃を自動的にガードする。"
30114,0,"心眼",False,True,False,1,0,0,0,0,0,0,,"SkillIgnoreResistStab","skillicon_03_14",,"精神を統一することで、<br>小さな的も貫くことができる。<br>保有者が攻撃した相手の<br>突属性耐性を無視する。"
30115,0,"イーグルアイ",False,True,False,1,0,0,0,0,0,0,,"SkillArcherCamera","skillicon_03_06",,"全てを見通す目。<br>鷲のように広い視点から、<br>周囲を見回すことができる。"
30120,0,"Mobキラー",False,True,False,1,0,0,0,0,0,0,,"SkillMobKiller","skillicon_03_19",,"小物狩りの極意。<br>保有者がMobに与える<br>ダメージが上昇する。<br>※効果量は保有者のINTに依存"
30121,0,"ボスキラー",False,True,False,5,0,0,0,0,0,0,,"SkillBossKiller","skillicon_03_20",,"大物狩りの極意。<br>保有者がボスに与える<br>ダメージが上昇する。<br>※効果量は保有者のINTに依存"
30134,0,"ロックオン",False,True,False,1,0,0,0,0,0,0,,"SkillLockOn","skillicon_03_33",,"ガードボタンと攻撃ボタンを<br>同時に押下すると、範囲内で<br>最も近い敵に照準を合わせる。"
30135,0,"インパーシャルギフト",False,True,False,5,0,0,0,0,0,0,,"SkillPassiveBuffStrAndVitAll","skillicon_03_39",,"天の恵みにより加護を得て、<br>味方全員のSTRとVITが上昇する。"
30136,0,"ブレスオブヘヴン",False,True,False,2,0,0,0,0,0,0,,"SkillRegeneratePassiveAllLv2","skillicon_03_10b",,"天の恵みを受け、自パーティ<br>全員のHPが一定間隔で<br>少しずつ、徐々に回復する。<br>※回復量は保有者のINTに依存"
30137,0,"パートナー・ブースト",False,True,False,3,0,0,0,0,0,0,,"SkillPartnerBoost","skillicon_03_40",,"使い魔の攻撃を<br>グレードアップさせる。"
30138,0,"ノーマライズ・ガード",False,True,False,1,0,0,0,0,0,0,,"SkillNormalizeGuard","skillicon_03_41",,"ガード中に状態異常やデバフを<br>受けた時、それを無効化する。"
30139,0,"堅忍質直",False,True,False,1,0,0,0,0,0,0,,"SkillSuzuneSpecial","skillicon_03_42",,"防具の持つ守護特効により、<br>HPが50％以上の時、強力な一撃<br>を受けても全損せずに耐える。"
30140,0,"マニピュレイト・アロー",False,True,False,1,0,0,0,0,0,0,,"SkillHomingArrow","skillicon_03_43",,"弓を巧みに繰り、<br>矢を敵に追従させる。"
30141,0,"ハイスキル・プルーン",False,True,False,4,0,0,0,0,0,0,,"SkillCoolTimeCutLv4","skillicon_03_35",,"保有者の、スキルレベルが4以上<br>の攻撃スキルのクールタイムを<br>10秒短縮する。"
30142,0,"マーベラス・ラヴ",False,True,False,1,0,0,0,0,0,0,,"SkillAsunaSpecial","skillicon_03_44",,"強い意志力により、<br>ガードボタンを入力する度に<br>一定確率で状態異常とデバフを<br>回復する。"
30143,0,"花変化",False,True,False,1,0,0,0,0,0,0,,"SkillEnhanceOsmanthus","skillicon_03_45",,"自在に花弁を操り、敵によって<br>刃の当て方を変化させることで、<br>金木犀の花弁による斬打突攻撃に<br>対する物理耐性を無効にする。"
30144,0,"ワイルド・ブレーン",False,True,False,1,0,0,0,0,0,0,,"SkillWildBrain","skillicon_03_46",,"INTに依存している攻撃スキルの<br>威力が、使用者のSTRに依存する<br>ようになる。"
30145,0,"フル・オブ・ライフ",False,True,False,1,0,0,0,0,0,0,,"SkillRegeneratePassiveTerraria","skillicon_03_47",,"ガードを押すと大地を踏みしめ、<br>生命エネルギーを取り込んで<br>自身のHPを回復する。<br>※回復量は保有者のINTに依存"
30146,0,"剣心一如",False,True,False,1,0,0,0,0,0,0,,"SkillSuperLongSword","skillicon_03_48",,"強い意志力により武具を拡張し、<br>物理攻撃スキルの間合いを<br>大きく広げる。"
30147,0,"アクア・ポイント",False,True,False,1,0,0,0,0,0,0,,"SkillIgnoreResistWater","skillicon_03_50",,"敵の耐性が弱い箇所を見抜き、<br>使用者の攻撃に対する<br>水耐性を無効にする。"
30148,0,"灼熱！アタック",False,True,False,3,0,0,0,0,0,0,,"SkillSuperBeachBall","skillicon_03_49",,"圧倒的なジャンプ力により<br>ビーチ・スマッシュを<br>グレードアップさせる。"
30149,0,"オウフリー・フォース",False,True,False,4,0,0,0,0,0,0,,"SkillPassiveBuffStrLv4","skillicon_03_01",,"非常に鍛え上げられた<br>筋力により、<br>保有者のSTRが大きく上昇する。"
30150,0,"ソイル・ポイント",False,True,False,1,0,0,0,0,0,0,,"SkillIgnoreResistEarth","skillicon_03_51",,"敵の耐性が弱い箇所を見抜き、<br>使用者の攻撃に対する<br>土耐性を無効にする。"
30151,0,"バック・アタッカー",False,True,False,2,0,0,0,0,0,0,,"SkillPartnerAttackEX","skillicon_03_52",,"距離をとって狙撃の効果を<br>高める。保有者が後衛のときに、<br>援護攻撃をグレードアップ<br>させる。"
30152,0,"グレネード（サポート）",False,True,False,2,0,0,0,0,0,0,,"SkillPartnerGrenade","skillicon_03_53",,"後衛からの援護攻撃の際に<br>グレネードを投擲する。<br>援護攻撃は通常攻撃の<br>一種として扱われる。"
30153,0,"カスタム・ピストル",False,True,False,1,0,0,0,0,0,0,,"SkillHandgunEX","skillicon_03_54",,"拳銃をカスタマイズし、<br>保有者の拳銃による攻撃を<br>グレードアップさせる。"
30154,0,"Mobキラー・ティーチ",False,True,False,1,0,0,0,0,0,0,,"SkillMobKillerAll","skillicon_03_56",,"小物狩りの極意を伝授する。<br>味方全員がMobに与える<br>ダメージが上昇する。<br>※効果量は保有者のINTに依存"
30155,0,"ボスキラー・ティーチ",False,True,False,5,0,0,0,0,0,0,,"SkillBossKillerAll","skillicon_03_57",,"大物狩りの極意を伝授する。<br>味方全員がボスに与える<br>ダメージが上昇する。<br>※効果量は保有者のINTに依存"
30156,0,"スウィフト・コンボ",False,True,False,1,0,0,0,0,0,0,,"SkillFastCombo","skillicon_03_58",,"アクションボタンを連続で押下<br>した際に、通常よりも<br>高速で連撃を行う。"
30157,0,"フィジカル・レイズ",False,True,False,3,0,0,0,0,0,0,,"SkillPassiveBuffStrAndVit","skillicon_03_55",,"全身を強化し、筋力・体力共に<br>向上させる。<br>保有者のSTRとVITが上昇する。"
30158,0,"コンシール・クーラー",False,True,False,1,0,0,0,0,0,0,,"SkillPassiveBackCoolTime","skillicon_03_61",,"前衛で支え、後衛が攻撃準備を<br>整える隙を作る。保有者が前衛に<br>いる間、後衛のクールタイムを<br>大幅に短縮する。"
30159,0,"原泉拡張",False,True,False,3,0,0,0,0,0,0,,"SkillPassiveOnsen","skillicon_03_59",,"自パーティ内の「インテンス・ガイザー」「オラクルオブイグレット」の発動回数に応じて、両スキルを最大3回まで強化する。"
30160,0,"行動予測",False,True,False,2,0,0,0,0,0,0,,"SkillPassiveCheatAugma","skillicon_03_60",,"行動を予測するプログラムの<br>アシストを受け、ガードをすると<br>常にジャストガードとなる。"
30161,0,"ハイスキル・プルーン",False,True,False,4,0,0,0,0,0,0,,"SkillCoolTimeCutLv4_2nd","skillicon_03_35",,"保有者の、スキルレベルが4以上<br>の攻撃スキルのクールタイムを<br>10秒短縮する。"
30162,0,"クレバリー",False,True,False,2,0,0,0,0,0,0,,"SkillPassiveBuffInt","skillicon_03_62",,"磨き上げられた学力により、<br>保有者のINTが上昇する。"
30163,0,"サーチ・スペシャル",False,True,False,3,0,0,0,0,0,0,,"SkillPassiveLv5Search","skillicon_03_63",,"探し物に精神を集中し、<br>ミニマップ上に、フラグメント・<br>グリード・イベントモンスターの<br>位置を表示する。"
30164,0,"ドロップオブヘブン",False,True,False,1,0,0,0,0,0,0,,"SkillRegeneratePassiveAllLv1","skillicon_03_10b",,"僅かな天の恵みを受け自パーティ<br>全員のHPが一定間隔でほんの<br>少しずつ、徐々に回復する。<br>※回復量は保有者のINTに依存"
30165,0,"サポート・ショートニング",False,True,False,1,0,0,0,0,0,0,,"SkillCoolTimeCutSupport","skillicon_03_35",,"保有者の補助スキルの<br>クールタイムを1秒短縮する。"
30166,0,"パワー・スプレッダー",False,True,False,1,0,0,0,0,0,0,,"SkillAttackSpread","skillicon_03_64",,"気合を込めて攻撃を行い、<br>通常攻撃の間合いを広げる。"
30167,0,"フューエル・オブ・ライフ",False,True,False,2,0,0,0,0,0,0,,"SkillRegenePassTerrariaAll","skillicon_03_47",,"ガードを押すと大地を踏みしめ、<br>生命エネルギーを取り込んで<br>自パーティのHPを回復する。<br>※回復量は保有者のINTに依存"
30168,0,"ウェポン・シューター",False,True,False,1,0,0,0,0,0,0,,"SkillPassiveDaggerShoot","skillicon_03_67",,"アクションボタン押下による<br>通常攻撃の初撃および連撃時に<br>武器を投擲して攻撃する。"
30169,0,"エレメント・リボルバー",False,True,False,1,0,0,0,0,0,0,,"SkillPassiveElementRevolver","skillicon_03_72",,"ガード中にステップボタンを押下<br>すると、HPを消費しつつ一定時<br>間自身の攻撃に属性を付与する。<br>属性は付与毎に切り替わる。"
30170,0,"セーフティ・ウォール",False,True,False,1,0,0,0,0,0,0,,"SkillPassiveBackHeal","skillicon_03_68",,"前衛で支え、後衛を休ませる。<br>保有者が前衛にいる間、後衛の<br>HPが定期的に大きく回復する。<br>※効果は回復対象のINTに依存"
30171,0,"サポーターズ・ギルド",False,True,False,1,0,0,0,0,0,0,,"SkillBuffStViSpPassive1","skillicon_03_75",,"互いをサポートし合い、<br>自パーティ内のサポーターの<br>STRとVITが上昇する。"
30172,0,"サポーターズ・カルテル",False,True,False,5,0,0,0,0,0,0,,"SkillBuffStViSpPassive2","skillicon_03_75",,"互いをサポートし合い、<br>自パーティ内のサポーターの<br>STRとVITが大きく上昇する。"
30173,0,"アンブロークン・アローズ",False,True,False,2,0,0,0,0,0,0,,"SkillPassiveMultiArrow","skillicon_03_77",,"通常攻撃の際に、<br>3本の矢を同時に放って攻撃。"
30174,0,"メディカル・メイル",False,True,False,5,0,0,0,0,0,0,,"SkillPassiveHealthArmor","skillicon_03_76",,"心身を健やかに保ち、<br>保有者が状態異常に<br>かからなくなる。"
30175,0,"テクニカル・ダイスロール",False,True,False,3,0,0,0,0,0,0,,"SkillPassiveDiceSix","skillicon_03_73",,"保有者が「パワー・ダイス」「ダ<br>イス・サポート」を発動すると、<br>必ず出目が6になる。"
30176,0,"ブレイク・シューター",False,True,False,1,0,0,0,0,0,0,,"SkillHandgunBrAt","skillicon_03_79",,"保有者がブレイクアタック<br>（ガード＋攻撃）を行う際、<br>拳銃を用いて突属性の<br>射撃攻撃を行うようになる。"
30177,0,"タツジン・インパクト",False,True,False,1,0,0,0,0,0,0,,"SkillIgnoreResistBlow","skillicon_03_80",,"技巧を凝らした打撃法により、<br>あらゆる相手に衝撃を与える。<br>保有者が攻撃した相手の<br>打属性耐性を無視する。"
30178,0,"ハグオブヘヴン",False,True,False,3,0,0,0,0,0,0,,"SkillRegeneratePassiveAllLv3","skillicon_03_10b",,"天の加護を受け、自パーティ<br>全員のHPが一定間隔で<br>中程度ずつ、徐々に回復する。<br>※回復量は保有者のINTに依存"
30179,0,"バランサーズ・ギルド",False,True,False,1,0,0,0,0,0,0,,"SkillBuffStViBaPassive1","skillicon_03_81",,"互いに連携を取り<br>自パーティ内バランスの<br>STRとVITが上昇する。"
30180,0,"ブレイク・スウィーパー",False,True,False,1,0,0,0,0,0,0,,"SkillMaidMopBrAt","skillicon_03_82",,"保有者がブレイクアタック<br>（ガード＋攻撃）を行う際、<br>モップを用いて無属性の<br>突進攻撃を行うようになる。"
30181,0,"レイズ・ラーニング",False,True,False,3,0,0,0,0,0,0,,"SkillSchoolPassive00","skillicon_03_84",,"勤勉な学習により、<br>保有者が属性付与スキルを<br>発動した際に効果時間を<br>無制限にする。"
30182,0,"サード・ショートニング",False,True,False,3,0,0,0,0,0,0,,"SkillCoolTimeCutLｖ3","skillicon_03_83",,"保有者の攻撃スキルの<br>クールタイムを3秒短縮する。"
30315,0,"ファスト・チャージャー",False,True,False,1,0,0,0,0,0,0,,"SkillQuickCharge","skillicon_03_34",,"保有者のチャージにかかる時間が<br>短縮される。"
30316,0,"スキル・ショートニング",False,True,False,1,0,0,0,0,0,0,,"SkillCoolTimeCut","skillicon_03_35",,"保有者の攻撃スキルの<br>クールタイムを1秒短縮する。"
30300,0,"ファイア・ボール",True,False,False,1,0,3,0,0,0,0,"Skill.03","SkillFireMagic1","skillicon_01_35","FS_skillicon_01_35","小型の火球を生み出し、<br>標的に向けて放つ。<br>※威力は使用者のINTに依存"
30301,0,"ボルカニック・キャノン",True,False,False,2,0,6,0,0,0,0,"Skill.01","SkillFireMagic2","skillicon_01_35","FS_skillicon_01_35","触れると大爆発を起こす灼熱の<br>火山弾を標的へ向けて飛ばす。<br>※威力は使用者のINTに依存"
30302,0,"アイス・バレット",True,False,False,1,0,3,0,0,0,0,"Skill.01","SkillWaterMagic1","skillicon_01_36","FS_skillicon_01_36","小型の氷弾を生み出し、<br>標的に向けて放つ。<br>※威力は使用者のINTに依存"
30303,0,"アブソリュート・ゼロ",True,False,False,2,0,6,0,0,0,0,"Skill.03","SkillWaterMagic2","skillicon_01_36","FS_skillicon_01_36","極温の冷気を収斂し、<br>絶対零度の光条を放つ。<br>※威力は使用者のINTに依存"
30304,0,"ウィンド・カッター",True,False,False,1,0,3,0,0,0,0,"Skill.01","SkillAirMagic1","skillicon_01_37","FS_skillicon_01_37","かまいたちを標的に向けて放つ。<br>小さいが貫通力を持つ。<br>※威力は使用者のINTに依存"
30305,0,"タイラント・ハリケーン",True,False,False,2,0,6,0,0,0,0,"Skill.02","SkillAirMagic2","skillicon_01_37","FS_skillicon_01_37","竜巻を巻き起こし、<br>周囲にいる敵を攻撃する。<br>※威力は使用者のINTに依存"
30306,0,"スリング・ストーン",True,False,False,1,0,3,0,0,0,0,"Skill.03","SkillEarthMagic1","skillicon_01_38","FS_skillicon_01_38","岩石を招来し、<br>標的に向けて放つ。<br>※威力は使用者のINTに依存"
30307,0,"タイタン・スパイク",True,False,False,2,0,6,0,0,0,0,"Skill.02","SkillEarthMagic2","skillicon_01_38","FS_skillicon_01_38","地中より岩石の尖頭を招来し、<br>周囲の敵を突き刺す。<br>※威力は使用者のINTに依存"
30308,0,"ライトニング・アロー",True,False,False,1,0,3,0,0,0,0,"Skill.01","SkillHolyMagic1","skillicon_01_39","FS_skillicon_01_39","光の矢を生み出し、<br>標的に向けて放つ。<br>※威力は使用者のINTに依存"
30309,0,"ディバイン・レイ",True,False,False,2,0,6,0,0,0,0,"Skill.03","SkillHolyMagic2","skillicon_01_39","FS_skillicon_01_39","天の光を集束させ、<br>前方にいる敵を巻き込み滅する、<br>強烈なエネルギーを放射する。<br>※威力は使用者のINTに依存"
30310,0,"ダーク・キャノン",True,False,False,1,0,3,0,0,0,0,"Skill.01","SkillDarkMagic1","skillicon_01_40","FS_skillicon_01_40","闇のエネルギーを表出し、<br>標的を貫通する闇弾を放つ。<br>※威力は使用者のINTに依存"
30311,0,"アビス・ディメンジョン",True,False,False,2,0,6,0,0,0,0,"Skill.02","SkillDarkMagic2","skillicon_01_40","FS_skillicon_01_40","巨大な闇を出現させ、<br>強烈な次元の渦に<br>周囲の敵を巻き込む。<br>※威力は使用者のINTに依存"
30320,0,"アローシェイプ《サーマル》",True,False,False,1,0,3,0,0,0,0,"Skill.01","SkillSsjArrowFire","skillicon_01_35","FS_skillicon_01_35","熱素を生成し、貫通力のある<br>3本の矢に変じて放つ神聖術。<br>※威力は使用者のINTに依存"
30321,0,"アローシェイプ《アクウィアス》",True,False,False,1,0,3,0,0,0,0,"Skill.01","SkillSsjArrowWater","skillicon_01_36","FS_skillicon_01_36","水素を生成し、貫通力のある<br>3本の矢に変じて放つ神聖術。<br>※威力は使用者のINTに依存"
30322,0,"アローシェイプ《エアリアル》",True,False,False,1,0,3,0,0,0,0,"Skill.01","SkillSsjArrowWind","skillicon_01_37","FS_skillicon_01_37","風素を生成し、貫通力のある<br>3本の矢に変じて放つ神聖術。<br>※威力は使用者のINTに依存"
30323,0,"アローシェイプ《メタリック》",True,False,False,1,0,3,0,0,0,0,"Skill.01","SkillSsjArrowEarth","skillicon_01_38","FS_skillicon_01_38","鋼素を生成し、貫通力のある<br>3本の矢に変じて放つ神聖術。<br>※威力は使用者のINTに依存"
30324,0,"アローシェイプ《ルミナス》",True,False,False,1,0,3,0,0,0,0,"Skill.01","SkillSsjArrowHoly","skillicon_01_39","FS_skillicon_01_39","光素を生成し、貫通力のある<br>3本の矢に変じて放つ神聖術。<br>※威力は使用者のINTに依存"
30325,0,"アローシェイプ《アンブラ》",True,False,False,1,0,3,0,0,0,0,"Skill.01","SkillSsjArrowDark","skillicon_01_40","FS_skillicon_01_40","闇素を生成し、貫通力のある<br>3本の矢に変じて放つ神聖術。<br>※威力は使用者のINTに依存"
30326,0,"バードシェイプ《サーマル》",True,False,False,2,0,6,0,0,0,0,"Skill.02","SkillSsjBirdFire","skillicon_01_35","FS_skillicon_01_35","熱素を生成し、追尾能力のある<br>3羽の鳥に変じて放つ神聖術。<br>※威力は使用者のINTに依存"
30327,0,"バードシェイプ《アクウィアス》",True,False,False,2,0,6,0,0,0,0,"Skill.02","SkillSsjBirdWater","skillicon_01_36","FS_skillicon_01_36","水素を生成し、追尾能力のある<br>3羽の鳥に変じて放つ神聖術。<br>※威力は使用者のINTに依存"
30328,0,"バードシェイプ《エアリアル》",True,False,False,2,0,6,0,0,0,0,"Skill.02","SkillSsjBirdWind","skillicon_01_37","FS_skillicon_01_37","風素を生成し、追尾能力のある<br>3羽の鳥に変じて放つ神聖術。<br>※威力は使用者のINTに依存"
30329,0,"バードシェイプ《メタリック》",True,False,False,2,0,6,0,0,0,0,"Skill.02","SkillSsjBirdEarth","skillicon_01_38","FS_skillicon_01_38","鋼素を生成し、追尾能力のある<br>3羽の鳥に変じて放つ神聖術。<br>※威力は使用者のINTに依存"
30330,0,"バードシェイプ《ルミナス》",True,False,False,2,0,6,0,0,0,0,"Skill.02","SkillSsjBirdHoly","skillicon_01_39","FS_skillicon_01_39","光素を生成し、追尾能力のある<br>3羽の鳥に変じて放つ神聖術。<br>※威力は使用者のINTに依存"
30331,0,"バードシェイプ《アンブラ》",True,False,False,2,0,6,0,0,0,0,"Skill.02","SkillSsjBirdDark","skillicon_01_40","FS_skillicon_01_40","闇素を生成し、追尾能力のある<br>3羽の鳥に変じて放つ神聖術。<br>※威力は使用者のINTに依存"
30332,0,"反射凝集光線術",True,False,False,3,0,10,0,0,0,5,"Skill.Alone05","SkillChargeShot","skillicon_01_39","FS_skillicon_01_39","晶素と鋼素で出来た閉じた鏡に<br>大量の光素を貯め込み、一気に<br>開放する。ガードを押下中、詠唱<br>時間が延長され、威力が上がる。"
30333,0,"フレイム・スネーク",True,False,False,3,0,10,0,0,0,0,"Skill.03","SkillFireMagic3","skillicon_01_35","FS_skillicon_01_35","前方に一列に並ぶ火球を発生させ<br>る。火球は使用者に追随して動き<br>触れた敵を攻撃する。<br>※威力は使用者のINTに依存"
30334,0,"ワールプール・スプラッシュ",True,False,False,3,0,10,0,0,0,0,"Skill.02","SkillWaterMagic3","skillicon_01_36","FS_skillicon_01_36","その場に渦潮を発生させ<br>敵を巻き込んで攻撃する。<br>※威力は使用者のINTに依存"
30335,0,"スタグネイト・タイフーン",True,False,False,3,0,10,0,0,0,0,"Skill.02","SkillAirMagic3","skillicon_01_37","FS_skillicon_01_37","複数の竜巻をしばらく発生させ<br>続ける。竜巻はゆっくりと敵に<br>近付き、触れた敵を攻撃する。<br>※威力は使用者のINTに依存"
30336,0,"コール・メテオライト",True,False,False,3,0,10,0,0,0,0,"Skill.02","SkillEarthMagic3","skillicon_01_38","FS_skillicon_01_38","大量の隕石を降らせ、<br>広範囲の敵にダメージを与える。<br>※威力は使用者のINTに依存"
30337,0,"シャイニング・ルーター",True,False,False,3,0,10,0,0,0,0,"Skill.03","SkillHolyMagic3","skillicon_01_39","FS_skillicon_01_39","敵を追尾する聖属性の弾を<br>複数放つ。ガードを押しながら<br>放つと追尾はせず貫通弾となる。<br>※威力は使用者のINTに依存"
30338,0,"クリーピング・シャドウ",True,False,False,3,0,10,0,0,0,0,"Skill.02","SkillDarkMagic3","skillicon_01_40","FS_skillicon_01_40","敵に忍び寄る闇のエネルギーを複<br>数放出する。ガードを押しながら<br>発動すると、闇弾は使用者の周囲<br>を浮遊し近寄る敵を攻撃する。"
30340,0,"バーストエレメント《アクア》",True,False,False,3,0,10,0,0,0,0,"Skill.02","SkillSsjBurstWater","skillicon_01_36","FS_skillicon_01_36","凝縮した水素を生成し、<br>前方へ飛ばす。敵や地形に<br>接触した瞬間に爆発させる。<br>※威力は使用者のINTに依存"
30341,0,"バーストエレメント《エアロ》",True,False,False,3,0,10,0,0,0,0,"Skill.02","SkillSsjBurstWind","skillicon_01_37","FS_skillicon_01_37","凝縮した風素を生成し、<br>前方へ飛ばす。敵や地形に<br>接触した瞬間に爆発させる。<br>※威力は使用者のINTに依存"
30344,0,"バーストエレメント《ダーク》",True,False,False,3,0,10,0,0,0,0,"Skill.02","SkillSsjBurstDark","skillicon_01_40","FS_skillicon_01_40","凝縮した闇素を生成し、<br>前方へ飛ばす。敵や地形に<br>接触した瞬間に爆発させる。<br>※威力は使用者のINTに依存"
30345,0,"オールエレメント・トラスト",True,False,False,3,0,20,0,0,0,0,"Skill.02","SkillSsjDischargeAll","skillicon_01_69","FS_skillicon_01_69","強力な心意を用いて<br>全属性の素因を生成し、<br>前方へ飛ばす。<br>※威力は使用者のINTに依存"
30346,0,"シンプル・ボール",True,False,False,3,0,10,0,0,0,0,"Skill.02","SkillNeutralMagic3","skillicon_01_72","FS_skillicon_01_72","属性を持たない<br>強力な魔力の弾を前方へ飛ばし<br>敵を攻撃する。<br>※威力は使用者のINTに依存"
30347,0,"フラジール・バレット",True,False,False,2,0,6,0,0,0,0,"Skill.03","SkillMagicDebuffShoot","skillicon_01_76","FS_skillicon_01_76","敵のSTR、VIT、INTを<br>低下させる弱体弾を<br>前方へ飛ばす。<br>※効果量は使用者のINTに依存"
30348,0,"サラウンド・サンダー",True,False,False,2,0,6,0,0,0,0,"Skill.02","SkillMagicThunderBarrier","skillicon_01_75","FS_skillicon_01_75","一定時間、自身の周辺に電撃を<br>召喚し周囲の敵を攻撃し続ける。<br>敵に麻痺を付与することもある。<br>※威力は使用者のINTに依存"
30400,0,"バブルブレス",True,False,True,1,0,3,0,0,0,0,,"SkillPetAttack03","skillicon_01_27","FS_skillicon_01_27","使い魔を操り、<br>混乱効果をもつ<br>泡のブレスを放つ。<br>※威力は使用者のINTに依存"
30401,0,"ファイアブレス",True,False,True,2,0,6,0,0,0,0,,"SkillPetAttack04","skillicon_01_17c","FS_skillicon_01_17c","使い魔を操り、<br>炎のブレスを放つ。<br>※威力は使用者のINTに依存"
30402,0,"アイスブレス",True,False,True,2,0,6,0,0,0,0,,"SkillPetAttack05","skillicon_01_17b","FS_skillicon_01_17b","使い魔を操り、<br>氷のブレスを放つ。<br>※威力は使用者のINTに依存"
30403,0,"ウィンドブレス",True,False,True,2,0,6,0,0,0,0,,"SkillPetAttack06","skillicon_01_28","FS_skillicon_01_28","使い魔を操り、<br>真空波のブレスを放つ。<br>※威力は使用者のINTに依存"
30404,0,"サンドブレス",True,False,True,2,0,6,0,0,0,0,,"SkillPetAttack07","skillicon_01_29","FS_skillicon_01_29","使い魔を操り、<br>砂塵のブレスを放つ。<br>※威力は使用者のINTに依存"
30405,0,"ライトニングブレス",True,False,True,2,0,6,0,0,0,0,,"SkillPetAttack08","skillicon_01_30","FS_skillicon_01_30","使い魔を操り、<br>天の光のブレスを放つ。<br>※威力は使用者のINTに依存"
30406,0,"シャドウブレス",True,False,True,2,0,6,0,0,0,0,,"SkillPetAttack09","skillicon_01_31","FS_skillicon_01_31","使い魔を操り、<br>暗黒のブレスを放つ。<br>※威力は使用者のINTに依存"
30407,0,"ドラゴニック・チャージ",True,False,True,3,0,10,0,0,0,0,,"SkillPetAttack10","skillicon_01_32","FS_skillicon_01_32","使い魔を操り、<br>標的へ向けて激しく突進させる。<br>※威力は使用者のSTRに依存"
30408,0,"エアーパフ・シュート",True,False,True,3,0,10,0,0,0,0,,"SkillPetAttack11","skillicon_01_64","FS_skillicon_01_64","使い魔を操り、<br>体内で凝縮した空気を<br>弾丸のように複数放つ。<br>※威力は使用者のINTに依存"
30409,0,"オーシャン・バブルブレス",True,False,True,3,0,10,0,0,0,0,,"SkillPetAttack14","skillicon_01_27","FS_skillicon_01_27","使い魔を操り、混乱効果を持つ<br>泡の弾を連射する。海の浅瀬で<br>使用すると発射数が増加する。<br>※威力は使用者のINTに依存"
30410,0,"ドラゴン・カードマジック",True,False,True,2,0,6,0,0,0,0,,"SkillPetAttack15","skillicon_01_83","FS_skillicon_01_83","使い魔を操り、敵を追尾する<br>防御無視斬属性のトランプを<br>連続で射出して攻撃。<br>※威力は使用者のSTRに依存"
30411,0,"ドラゴン・ギフトデリバリー",True,False,True,2,0,6,0,0,0,0,,"SkillPetAttack16","skillicon_01_85","FS_skillicon_01_85","使い魔を操り、<br>プレゼントを投下して攻撃する。<br>※威力は使用者のSTRに依存"
30500,0,"バブルブレス《盟友》",True,False,True,1,0,3,0,0,0,0,,"SkillPetAttack03","skillicon_01_27","FS_skillicon_01_27","仲間の使い魔にお願いして、<br>混乱効果をもつ<br>泡のブレスを放つ。<br>※威力は使用者のINTに依存"
30501,0,"ファイアブレス《盟友》",True,False,True,2,0,6,0,0,0,0,,"SkillPetAttack04","skillicon_01_17c","FS_skillicon_01_17c","仲間の使い魔にお願いして、<br>炎のブレスを放つ。<br>※威力は使用者のINTに依存"
30502,0,"アイスブレス《盟友》",True,False,True,2,0,6,0,0,0,0,,"SkillPetAttack05","skillicon_01_17b","FS_skillicon_01_17b","仲間の使い魔にお願いして、<br>氷のブレスを放つ。<br>※威力は使用者のINTに依存"
30503,0,"ウィンドブレス《盟友》",True,False,True,2,0,6,0,0,0,0,,"SkillPetAttack06","skillicon_01_28","FS_skillicon_01_28","仲間の使い魔にお願いして、<br>真空波のブレスを放つ。<br>※威力は使用者のINTに依存"
30504,0,"サンドブレス《盟友》",True,False,True,2,0,6,0,0,0,0,,"SkillPetAttack07","skillicon_01_29","FS_skillicon_01_29","仲間の使い魔にお願いして、<br>砂塵のブレスを放つ。<br>※威力は使用者のINTに依存"
30505,0,"ライトニングブレス《盟友》",True,False,True,2,0,6,0,0,0,0,,"SkillPetAttack08","skillicon_01_30","FS_skillicon_01_30","仲間の使い魔にお願いして、<br>天の光のブレスを放つ。<br>※威力は使用者のINTに依存"
30506,0,"シャドウブレス《盟友》",True,False,True,2,0,6,0,0,0,0,,"SkillPetAttack09","skillicon_01_31","FS_skillicon_01_31","仲間の使い魔にお願いして、<br>暗黒のブレスを放つ。<br>※威力は使用者のINTに依存"
30507,0,"ドラゴニック・チャージ《盟友》",True,False,True,3,0,10,0,0,0,0,,"SkillPetAttack10ｆ","skillicon_01_32","FS_skillicon_01_32","仲間の使い魔にお願いして、<br>標的へ向けて激しく突進させる。<br>※威力は使用者のSTRに依存"
30508,0,"エアーパフ・シュート《盟友》",True,False,True,3,0,10,0,0,0,0,,"SkillPetAttack11ｆ","skillicon_01_64","FS_skillicon_01_64","仲間の使い魔にお願いして、<br>体内で凝縮した空気を<br>弾丸のように複数放つ。<br>※威力は使用者のINTに依存"
30509,0,"ヒール・ブレス《盟友》",False,False,True,2,0,6,0,0,0,0,,"SkillPet01","skillicon_02_20","FS_skillicon_02_20","仲間の使い魔にお願いして、<br>HP回復の効果を持った<br>ブレスを放つ。<br>※回復量は使用者のINTに依存"
30510,0,"リストア・ブレス《盟友》",False,False,True,2,0,6,0,0,0,0,,"SkillPet02","skillicon_02_47","FS_skillicon_02_47","仲間の使い魔にお願いして、<br>HP回復・状態異常回復の<br>効果を持ったブレスを放つ。<br>※回復量は使用者のINTに依存"
30511,0,"シャープ・ブレス《盟友》",False,False,True,2,0,6,0,0,0,0,,"SkillPet03","skillicon_02_48","FS_skillicon_02_48","仲間の使い魔にお願いして、<br>攻撃力上昇の効果を持った<br>ブレスを放つ。<br>※効果量は使用者のINTに依存"
30512,0,"プロテクト・ブレス《盟友》",False,False,True,2,0,6,0,0,0,0,,"SkillPet04","skillicon_02_49","FS_skillicon_02_49","仲間の使い魔にお願いして、<br>防御力上昇の効果を持った<br>ブレスを放つ。<br>※効果量は使用者のINTに依存"
30513,0,"レイズ・フレア・ブレス《盟友》",False,False,True,2,0,15,0,0,0,0,,"SkillPetEnchantFire","skillicon_02_60","FS_skillicon_02_60","仲間の使い魔にお願いして、<br>炎の加護を宿したブレスを放つ。<br>先頭のキャラの攻撃に<br>一定時間火属性攻撃を付与する。"
30514,0,"レイズ・アクア・ブレス《盟友》",False,False,True,2,0,15,0,0,0,0,,"SkillPetEnchantWater","skillicon_02_61","FS_skillicon_02_61","仲間の使い魔にお願いして、<br>水の加護を宿したブレスを放つ。<br>先頭のキャラの攻撃に<br>一定時間水属性攻撃を付与する。"
30515,0,"レイズ・エアロ・ブレス《盟友》",False,False,True,2,0,15,0,0,0,0,,"SkillPetEnchantAir","skillicon_02_62","FS_skillicon_02_62","仲間の使い魔にお願いして、<br>風の加護を宿したブレスを放つ。<br>先頭のキャラの攻撃に<br>一定時間風属性攻撃を付与する。"
30516,0,"レイズ・ソイル・ブレス《盟友》",False,False,True,2,0,15,0,0,0,0,,"SkillPetEnchantEarth","skillicon_02_63","FS_skillicon_02_63","仲間の使い魔にお願いして、<br>土の加護を宿したブレスを放つ。<br>先頭のキャラの攻撃に<br>一定時間土属性攻撃を付与する。"
30517,0,"レイズ・ホーリー・ブレス《盟友》",False,False,True,2,0,15,0,0,0,0,,"SkillPetEnchantHoly","skillicon_02_64","FS_skillicon_02_64","仲間の使い魔にお願いして、<br>聖の加護を宿したブレスを放つ。<br>先頭のキャラの攻撃に<br>一定時間聖属性攻撃を付与する。"
30518,0,"レイズ・ダーク・ブレス《盟友》",False,False,True,2,0,15,0,0,0,0,,"SkillPetEnchantDark","skillicon_02_65","FS_skillicon_02_65","仲間の使い魔にお願いして、<br>闇の加護を宿したブレスを放つ。<br>先頭のキャラの攻撃に<br>一定時間闇属性攻撃を付与する。"
30519,0,"パートナー・ブースト《盟友》",False,True,False,3,0,0,0,0,0,0,,"SkillPartnerBoost","skillicon_03_40",,"保有者が仲間の使い魔に戦闘を<br>手伝ってもらう時、使い魔の<br>攻撃をグレードアップさせる。"
30520,0,"レイズ・フレアアクア・ブレス",False,False,True,3,0,20,0,0,0,0,,"SkillPetEnchantFireWater","skillicon_02_87","FS_skillicon_02_87","使い魔のブレスで先頭のキャラの<br>攻撃に火属性を付与する。<br>ガードを押下しながら発動すると<br>加護が変容し水属性を付与する。"
30521,0,"レイズ・エアロソイル・ブレス",False,False,True,3,0,20,0,0,0,0,,"SkillPetEnchantAirEarth","skillicon_02_88","FS_skillicon_02_88","使い魔のブレスで先頭のキャラの<br>攻撃に風属性を付与する。<br>ガードを押下しながら発動すると<br>加護が変容し土属性を付与する。"
30522,0,"レイズ・ホーリーダーク・ブレス",False,False,True,3,0,20,0,0,0,0,,"SkillPetEnchantHolyDark","skillicon_02_89","FS_skillicon_02_89","使い魔のブレスで先頭のキャラの<br>攻撃に聖属性を付与する。<br>ガードを押下しながら発動すると<br>加護が変容し闇属性を付与する。"
30523,0,"ポイズンミスト・ブレス",False,False,True,2,0,15,0,0,0,0,,"SkillPetEnchantPosion","skillicon_02_91","FS_skillicon_02_91","使い魔を操り、先頭のキャラの<br>攻撃に毒付与効果を追加する<br>ブレスを放つ。"
30524,0,"パラライズミスト・ブレス",False,False,True,2,0,15,0,0,0,0,,"SkillPetEnchantParalysis","skillicon_02_92","FS_skillicon_02_92","使い魔を操り、先頭のキャラの<br>攻撃に麻痺付与効果を追加する<br>ブレスを放つ。"
30525,0,"グレイス・ブレス",False,False,True,3,0,15,0,0,0,0,,"SkillPetBuffStrAndVit","skillicon_02_93","FS_skillicon_02_93","使い魔を操り、先頭のキャラに<br>攻撃力と防御力上昇の<br>効果を持ったブレスを放つ。<br>※効果量は使用者のINTに依存"
31000,0,"ディスターブ・キャンセル",False,False,False,1,0,5,0,0,0,0,,"SkillRemoveDebuff","skillicon_02_72","FS_skillicon_02_72","味方全員にかけられた<br>弱体効果を解除する。"
31001,0,"背水の陣",False,False,False,1,0,5,0,0,0,0,,"SkillBuffStrWithSelfDamage","skillicon_02_71","FS_skillicon_02_71","自身の耐久値を1に減少させ、<br>自身のSTRを大きく上昇<br>させる。<br>※効果量は使用者のINTに依存"
31002,0,"バトルクライ・エンデュアレンス",False,False,False,4,0,10,0,0,0,0,,"SkillSuperArmorLv4","skillicon_02_43","FS_skillicon_02_43","溢れ出るガッツにより、<br>使用者が長時間<br>よろけ・ダウン無効状態になる。<br>※修復中は効果が発動しない"
31003,0,"ウォークライ・エンデュアレンス",False,False,False,4,0,10,0,0,0,0,,"SkillSuperArmorAllLv4","skillicon_02_44","FS_skillicon_02_44","溢れ出るガッツにより、<br>味方全員が長時間<br>よろけ・ダウン無効状態になる。<br>※修復中は効果が発動しない"
31004,0,"レイズフレア・シフトアクア",False,False,False,3,0,25,0,0,0,0,,"SkillEnchantFireWater","skillicon_02_73","FS_skillicon_02_73","使用者の攻撃に一定時間<br>火属性を付与する。<br>ガードを押下しながら発動すると<br>加護が変容し水属性を付与する。"
31005,0,"レイズエアロ・シフトソイル",False,False,False,3,0,25,0,0,0,0,,"SkillEnchantAirEarth","skillicon_02_74","FS_skillicon_02_74","使用者の攻撃に一定時間<br>風属性を付与する。<br>ガードを押下しながら発動すると<br>加護が変容し土属性を付与する。"
31006,0,"レイズホーリー・シフトダーク",False,False,False,3,0,25,0,0,0,0,,"SkillEnchantHolyDark","skillicon_02_75","FS_skillicon_02_75","使用者の攻撃に一定時間<br>聖属性を付与する。<br>ガードを押下しながら発動すると<br>加護が変容し闇属性を付与する。"
31007,0,"エンハンスフレア・シフトアクア",False,False,False,3,0,25,0,0,0,0,,"SkillEnchantFireWaterAll","skillicon_02_76","FS_skillicon_02_76","自パーティ全員の攻撃に<br>一定時間火属性を付与する。<br>ガードを押下しながら発動すると<br>加護が変容し水属性を付与する。"
31008,0,"エンハンスエアロ・シフトソイル",False,False,False,3,0,25,0,0,0,0,,"SkillEnchantAirEarthAll","skillicon_02_77","FS_skillicon_02_77","自パーティ全員の攻撃に<br>一定時間風属性を付与する。<br>ガードを押下しながら発動すると<br>加護が変容し土属性を付与する。"
31009,0,"エンハンスホーリー・シフトダーク",False,False,False,3,0,25,0,0,0,0,,"SkillEnchantHolyDarkAll","skillicon_02_78","FS_skillicon_02_78","自パーティ全員の攻撃に<br>一定時間聖属性を付与する。<br>ガードを押下しながら発動すると<br>加護が変容し闇属性を付与する。"
31010,0,"スクイーズ・バリア",False,False,False,1,0,25,0,0,0,0,,"SkillTankBarrier","skillicon_02_80","FS_skillicon_02_80","自パーティ全員に、<br>一定量のダメージを無効化する<br>バリアを付与する。<br>※効果量は使用者のレベルに依存"
31011,0,"ディフェンス・ポスチャー",False,False,False,1,0,10,0,0,0,5,"Skill.Alone05","SkillSpecialDefense","skillicon_02_81","FS_skillicon_02_81","足を止めて防御姿勢を取り、受け<br>るダメージを1に抑える。<br>ガード押下中、効果が継続する。<br>※修復中は効果が発動しない"
31012,0,"ステップ・エンチャント",False,False,False,1,0,10,0,0,0,5,"Skill.Alone05","SkillYunaSound","skillicon_02_79","FS_skillicon_02_79","味方全員のSTRとVITを一定<br>時間上昇させるステップを行う。<br>最中にガードを押下し続けると<br>2段階延長され効果も上昇する。"
31013,0,"アンコール・トレーニング",False,False,False,1,0,10,0,0,0,0,,"SkillBuffStrAndVitStepUp","skillicon_02_56","FS_skillicon_02_56","使用者のSTRとVITを<br>一定時間上昇させる。<br>クエスト中に使用した回数に<br>応じて、効果が4段階上昇する。"
31014,0,"アンコール・エブリワン",False,False,False,1,0,10,0,0,0,0,,"SkillBuffStrAndVitStepUpAll","skillicon_02_53","FS_skillicon_02_53","味方全員のSTRとVITを<br>一定時間上昇させる。<br>クエスト中に使用した回数に<br>応じて、効果が4段階上昇する。"
31015,0,"アンコール・パンプアップ",False,False,False,1,0,10,0,0,0,0,,"SkillBuffStrStepUp","skillicon_02_04","FS_skillicon_02_04","使用者のSTRを<br>一定時間上昇させる。<br>クエスト中に使用した回数に<br>応じて、効果が4段階上昇する。"
31016,0,"ポイズンミスト・ディープ",False,False,False,4,0,30,0,0,0,0,,"SkillEnchantPoisonSuper","skillicon_02_11","FS_skillicon_02_11","毒薬を利用して、<br>使用者が攻撃を行った相手を<br>一定時間、高確率で<br>毒状態にする。"
31017,0,"リストリクション・ディープ",False,False,False,4,0,30,0,0,0,0,,"SkillEnchantSealedSuper","skillicon_02_14","FS_skillicon_02_14","特定の行動を禁止する。<br>使用者が攻撃を行った相手を<br>一定時間、高確率で<br>封印状態にする。"
31018,0,"リストア・プレミア",False,False,False,3,0,20,0,0,0,0,,"SkillLv3HealCureSELF","skillicon_02_03","FS_skillicon_02_03","癒しの光を使用して、<br>使用者のHPを大きく回復し、<br>身体の状態異常を回復する。<br>※回復量は使用者のINTに依存"
31019,0,"Mobオーダー",False,False,False,1,0,15,0,0,0,0,,"SkillMobKillerSupport","skillicon_02_83","FS_skillicon_02_83","小物狩りに集中する。<br>保有者がMobに与える<br>ダメージが上昇する。<br>※効果量は保有者のINTに依存"
31020,0,"ボスオーダー",False,False,False,5,0,15,0,0,0,0,,"SkillBossKillerSupport","skillicon_02_84","FS_skillicon_02_84","大物狩りに集中する。<br>保有者がボスに与える<br>ダメージが上昇する。<br>※効果量は保有者のINTに依存"
31021,0,"Mobオーダー・ティーチ",False,False,False,1,0,15,0,0,0,0,,"SkillMobKillerAllSupport","skillicon_02_85","FS_skillicon_02_85","小物狩りの指令を伝達する。<br>味方全員がMobに与える<br>ダメージが上昇する。<br>※効果量は保有者のINTに依存"
31022,0,"ボスオーダー・ティーチ",False,False,False,5,0,15,0,0,0,0,,"SkillBossKillerAllSupport","skillicon_02_86","FS_skillicon_02_86","大物狩りの指令を伝達する。<br>味方全員がボスに与える<br>ダメージが上昇する。<br>※効果量は保有者のINTに依存"
31023,0,"イディオット",False,False,False,2,0,5,0,0,0,0,,"SkillDebuffIntAllR","skillicon_02_82","FS_skillicon_02_82","周囲にいる敵の知能を奪い、<br>知力を一定時間減少させる。<br>※効果量は使用者のINTに依存"
31024,0,"オウフリー・イディオット",False,False,False,4,0,10,0,0,0,0,,"SkillDebuffIntAllLv4R","skillicon_02_82","FS_skillicon_02_82","周囲にいる敵の知能をかなり<br>奪い、知力を長時間、<br>大きく減少させる。<br>※効果量は使用者のINTに依存"
31025,0,"リカバリー・プレミア",False,False,False,3,0,20,0,0,0,0,,"SkillCureHealAllLv3","skillicon_02_22","FS_skillicon_02_22","癒しの光を使用して、<br>味方全員の状態異常を回復し、<br>HPも大きく回復する。<br>※回復量は使用者のINTに依存"
31026,0,"モバイル・オーシャン",False,False,False,2,0,20,0,0,0,0,,"SkillMobileOcean","skillicon_02_90","FS_skillicon_02_90","自パーティのキャラが海の浅瀬で<br>強化されるスキルを発動した時、<br>一度だけ浅瀬以外でも強化する。<br>※重ねがけ不可"
31027,0,"リフレッシュ",False,False,False,3,0,5,0,0,0,0,,"SkillCureAndRemDebuff","skillicon_02_96","FS_skillicon_02_96","心身を清め、<br>使用者の状態異常を回復し<br>デバフも解除する。"
31028,0,"リフレッシュ・オール",False,False,False,3,0,5,0,0,0,0,,"SkillCureAndRemDebuffAll","skillicon_02_97","FS_skillicon_02_97","心身を清め、<br>味方全員の状態異常を回復し<br>デバフも解除する。"
31029,0,"アタック・コマンド",False,False,False,3,0,10,0,0,0,0,,"SkillStrBuffAndRemBuffER","skillicon_02_98","FS_skillicon_02_98","周囲にいる敵のバフを解除し、<br>同時に使用者のSTRを<br>一定時間上昇させる。<br>※効果量は使用者のINTに依存"
31030,0,"ナーバス・ブレイクダウン",False,False,False,5,0,15,0,0,0,0,,"SkillDebuffStrVitLV5R","skillicon_02_99","FS_skillicon_02_99","周囲にいる敵の<br>攻撃力と防御力を長時間、<br>大きく減少させる。<br>※効果量は使用者のINTに依存"
31031,0,"レイテント・レイダー",False,False,False,3,0,25,0,0,0,0,,"SkillHideAndStrBuff","skillicon_02_100","FS_skillicon_02_100","一定時間、自パーティを<br>Mobから感知されにくくし、<br>さらにSTRを上昇させる。<br>※効果量は使用者のINTに依存"
31032,0,"ダイス・サポート",False,False,False,2,0,10,0,0,0,2,"Skill.Alone02","SkillSupportDice","skillicon_02_94","FS_skillicon_02_94","頭上でダイスを振り、出目決定時<br>味方全員のHPを回復する。<br>出目が2以上の時、数字が大きい<br>ほど様々な追加効果が発生する。"
31033,0,"ダイス・エンハンス",False,False,False,2,0,10,0,0,0,2,"Skill.Alone02","SkillEnchantDice","skillicon_02_95","FS_skillicon_02_95","自パーティの攻撃に時間無制限の<br>属性付与を行う。付与する属性は<br>頭上で振ったダイスの目に応じて<br>ランダムに変化する。"
31034,0,"ハッピーハッピー・ホーリーナイト",False,False,False,5,0,40,0,0,0,4,"Skill.Alone04","SkillXmasSuperSupport","skillicon_02_55","FS_skillicon_02_55","聖夜にとっておきのプレゼント。<br>HP・状態異常が回復し、一定時<br>間複数の補助効果が付与される。<br>発動動作中無敵。"
31035,0,"メイドイン・ティータイム",False,False,False,1,0,5,0,0,0,2,"Skill.Alone02","SkillMaidSupport01","skillicon_02_101","FS_skillicon_02_101","メイドの供するお茶の時間。<br>味方全員のHP・状態異常・<br>デバフが回復し、<br>一定時間VITが上昇する。"
31036,0,"ラブラブ・エンチャント",False,False,False,1,0,10,0,0,0,2,"Skill.Alone02","SkillMaidSupport02","skillicon_02_102","FS_skillicon_02_102","オムライスに愛を込めて。<br>一定時間、味方全員のSTRが<br>上昇し、攻撃に魅了効果が<br>付与される。"
31037,0,"ハッピー・エッグ",False,False,False,1,0,10,0,0,0,3,"Skill.Alone03","SkillEasterEggSupport00","skillicon_02_103","FS_skillicon_02_103","春を祝うイースターエッグ。<br>味方全員のHPが回復し、<br>一定時間STRが上昇する。"
